event_id,name,category,venue,city,lat,lon,start_date,end_date,expected_visitors,visitors_basis,international_share,impact_tier,applies_to,pre_night_weight,last_night_weight,source_url,source_type,confidence,notes
glasstec_2026,glasstec 2026,trade_fair,Messe Düsseldorf,Düsseldorf,51.2614,6.7366,2026-10-20,2026-10-23,32023,Vorveranstaltung 2024,,B,,,,https://www.glasstec-online.com/,official_via_search,medium,"Internationale Fachmesse Glas; Besucherzahl der Ausgabe 2024; Herabgestuft 04.10.2026: ~32.000 Besucher (MEDICA ~80.000), keine Vergleichspreise, fällt in NRW-Herbstferien"
karneval_auftakt_2026,Karnevalsauftakt 11.11.,festival,Altstadt,Düsseldorf,51.2256,6.7735,2026-11-11,2026-11-11,,,,C,,0.0,1.0,https://www.visitduesseldorf.de/en/experience/events/carnival,calendar_rule,high,Fester Termin 11.11.; Wirkung vor allem lokal
medica_compamed_2026,MEDICA + COMPAMED 2026,trade_fair,Messe Düsseldorf,Düsseldorf,51.2614,6.7366,2026-11-16,2026-11-19,80000,Vorveranstaltung 2025 (~75% international),0.75,S,,,,https://www.medica-tradefair.com/,official_via_search,high,Größte Fachmesse Medizintechnik; stärkste Hotelverknappung in Düsseldorf erwartet
weihnachtsmarkt_2026,Düsseldorfer Weihnachtsmarkt 2026,seasonal,Innenstadt,Düsseldorf,51.2256,6.7780,2026-11-19,2026-12-30,,,,D,fri;sat,0.0,1.0,https://www.visitduesseldorf.de/en/calendar-of-events/duesseldorf-christmas-market-c73f17196c,secondary,medium,Wirkung nur an Fr/Sa modelliert; Herabgestuft 04.10.2026: Wirkung auf Übernachtungen nicht belegt
valve_world_2026,VALVE WORLD EXPO 2026,trade_fair,Messe Düsseldorf,Düsseldorf,51.2614,6.7366,2026-12-01,2026-12-03,,Keine belastbaren Daten,,D,,,,https://www.messe-duesseldorf.com/,secondary,medium,"Fachmesse Armaturen; Besucherzahl nicht recherchiert; Herabgestuft 04.10.2026: kleine Fachmesse, Besucherzahl unbekannt"
silvester_2026,Silvester,holiday_event,Rheinufer,Düsseldorf,51.2256,6.7700,2026-12-31,2026-12-31,,,,A,,0.5,1.0,,calendar_rule,high,Nacht 31.12. auf 01.01.
boot_2027,boot Düsseldorf 2027,trade_fair,Messe Düsseldorf,Düsseldorf,51.2614,6.7366,2027-01-23,2027-01-31,,Keine belastbaren Daten in dieser Recherche,,B,,,,https://www.boot.com/,official_via_search,high,Publikumsmesse; viele Tagesbesucher -> geringere Übernachtungswirkung je Besucher
karneval_2027,Straßenkarneval (Weiberfastnacht bis Rosenmontag),festival,Altstadt,Düsseldorf,51.2256,6.7735,2027-02-04,2027-02-08,,,,A,,0.3,0.5,https://www.visitduesseldorf.de/event/rosenmontagszug-90ada89aad,calendar_rule,high,Rosenmontag 08.02.2027 (Ostern-48)
eurocis_2027,EuroCIS 2027,trade_fair,Messe Düsseldorf,Düsseldorf,51.2614,6.7366,2027-02-16,2027-02-18,,Keine belastbaren Daten,,C,,,,https://www.messe-duesseldorf.com/,secondary,medium,Retail-Technologie
disney_on_ice_2027,Disney on Ice,show,PSD Bank Dome,Düsseldorf,51.2668,6.7444,2027-03-05,2027-03-07,,,,D,,0.0,1.0,https://www.jambase.com/venue/psd-bank-dome,secondary,low,Überwiegend Tagesgäste
prowein_2027,ProWein 2027,trade_fair,Messe Düsseldorf,Düsseldorf,51.2614,6.7366,2027-03-07,2027-03-09,31000,Vorveranstaltung 2026 (Fachbesucher),,A,,,,https://www.about-drinks.com/prowein-2027-effizienz-und-wertschoepfung-fuer-die-branche/,secondary,high,Besucherzahlen rückläufig ggü. früheren Jahren
ids_koeln_2027,IDS 2027 (Köln),trade_fair,Koelnmesse,Köln,50.9470,6.9830,2027-03-16,2027-03-20,,Keine belastbaren Daten,,C,,,,https://www.koelnmesse.com/current-dates/all-trade-fairs/,secondary,medium,Überlaufeffekt nach Düsseldorf angenommen (nicht nachgewiesen)
fibo_koeln_2027,FIBO 2027 (Köln),trade_fair,Koelnmesse,Köln,50.9470,6.9830,2027-04-08,2027-04-11,,,,D,,,,https://www.koeln.de/event/fibo-fitnessmesse/,secondary,medium,Geringer Überlaufeffekt angenommen
beauty_2027,BEAUTY DÜSSELDORF + TOP HAIR 2027,trade_fair,Messe Düsseldorf,Düsseldorf,51.2614,6.7366,2027-04-09,2027-04-11,,Keine belastbaren Daten,,B,,,,https://www.messen.de/de/7603/duesseldorf/beauty-duesseldorf/info,secondary,medium,TOP HAIR 10.-11.04.
marathon_2027,Uniper Düsseldorf Marathon,sport,Innenstadt,Düsseldorf,51.2256,6.7735,2027-04-18,2027-04-18,,,,C,,1.0,0.0,https://www.uniper-duesseldorfmarathon.de/,secondary,medium,Anreise am Vorabend
sabaton_2027,Sabaton (Konzert),concert,PSD Bank Dome,Düsseldorf,51.2668,6.7444,2027-04-23,2027-04-23,,,,D,,0.0,1.0,https://www.sabaton.net/concert/psd-bank-dome-dusseldorf-germany-2027/,official_via_search,medium,"Arena-Konzert; Herabgestuft 04.10.2026: Arena ~13.000 Plätze, überwiegend regionales Tagespublikum, keine Preisdaten"
die_aerzte_2027,Die Ärzte (Konzert),concert,PSD Bank Dome,Düsseldorf,51.2668,6.7444,2027-04-24,2027-04-24,,,,D,,0.0,1.0,https://www.jambase.com/venue/psd-bank-dome,secondary,low,"Termin nur über Sekundärquelle; Herabgestuft 04.10.2026: Arena ~13.000 Plätze, überwiegend regionales Tagespublikum, keine Preisdaten"
japan_tag_2027,Japan-Tag Düsseldorf/NRW 2027,festival,Rheinufer,Düsseldorf,51.2256,6.7700,2027-05-22,2027-05-22,,,,B,,0.0,1.0,https://www.visitduesseldorf.de/en/experience/events/japan-tag-japan-day-dusseldorf-nrw,secondary,low,Widersprüchliche Angaben (22.05. vs. 29.05.) - vor Nutzung offiziell prüfen
gifa_metec_2027,GIFA / METEC / THERMPROCESS / NEWCAST 2027,trade_fair,Messe Düsseldorf,Düsseldorf,51.2614,6.7366,2027-06-21,2027-06-25,,Keine belastbaren Daten,,A,,,,https://www.messen.de/de/587/veranstalter/messe-duesseldorf-gmbh/messen,secondary,medium,Internationale Metallurgie-Messen (4-Jahres-Turnus)
toten_hosen_2027_1,Die Toten Hosen (Stadion),concert,Merkur Spiel-Arena,Düsseldorf,51.2617,6.7331,2027-07-03,2027-07-04,,,,A,,0.0,1.0,https://www.rollingstone.de/toten-hosen-duesseldorf-konzert-3162811/,secondary,medium,Zwei Stadionkonzerte; Heimspiel mit überregionaler Anreise
toten_hosen_2027_2,Die Toten Hosen (Stadion),concert,Merkur Spiel-Arena,Düsseldorf,51.2617,6.7331,2027-07-10,2027-07-10,,,,A,,0.0,1.0,https://www.rollingstone.de/toten-hosen-duesseldorf-konzert-3162811/,secondary,medium,Zusatzkonzert
rheinkirmes_2027,Rheinkirmes 2027,festival,Rheinwiesen Oberkassel,Düsseldorf,51.2310,6.7650,2027-07-16,2027-07-25,,Mehrere Mio. Besuche (überwiegend regional),,B,fri;sat,0.0,1.0,https://duesseldorf.t-online.de/region/duesseldorf/id_101360792/rheinkirmes-duesseldorf-millionen-besucher-aenderung-fuer-2027-angekuendigt.html,secondary,medium,Wirkung nur an Fr/Sa modelliert; Feuerwerk-Freitag stärker
karol_g_2027,Karol G (Stadion),concert,Merkur Spiel-Arena,Düsseldorf,51.2617,6.7331,2027-07-17,2027-07-17,,,,B,,0.0,1.0,https://www.festivalsunited.com/venues/merkur-spiel-arena-duesseldorf,secondary,medium,
gamescom_2027,gamescom 2027 (Köln),trade_fair,Koelnmesse,Köln,50.9470,6.9830,2027-08-25,2027-08-29,,Keine belastbaren Daten,,C,,,,https://www.koelnmesse.com/current-dates/all-trade-fairs/,secondary,medium,Überlaufeffekt nach Düsseldorf angenommen
caravan_salon_2027,CARAVAN SALON 2027,trade_fair,Messe Düsseldorf,Düsseldorf,51.2614,6.7366,2027-08-27,2027-09-05,269000,Vorveranstaltung 2025,,B,,,,https://www.caravan-salon.de/,official_via_search,high,Sehr hohe Besucherzahl aber Publikumsmesse; viele übernachten im Reisemobil -> nur Tier B
schuetzenfest_neuss_2027,Neusser Bürger-Schützenfest 2027,festival,Neuss Innenstadt,Neuss,51.1980,6.6920,2027-08-28,2027-08-31,,,,D,,,,https://www.schuetzenfest-neuss.com/terminkalender/,secondary,medium,Überwiegend regionales Publikum
anuga_koeln_2027,Anuga 2027 (Köln),trade_fair,Koelnmesse,Köln,50.9470,6.9830,2027-10-09,2027-10-13,,,,C,,,,https://www.koelnmesse.com/current-dates/all-trade-fairs/,secondary,medium,Außerhalb des 12-Monats-Fensters (Stand 10/2026)
a_plus_a_2027,A+A 2027,trade_fair,Messe Düsseldorf,Düsseldorf,51.2614,6.7366,2027-10-19,2027-10-22,67000,Vorveranstaltung 2025,,A,,,,https://www.aplusa-online.com/,official_via_search,medium,Außerhalb des 12-Monats-Fensters
medica_compamed_2027,MEDICA + COMPAMED 2027,trade_fair,Messe Düsseldorf,Düsseldorf,51.2614,6.7366,2027-11-15,2027-11-19,,,0.75,S,,,,https://www.medica-tradefair.com/,official_via_search,high,COMPAMED 15.-18.11.; MEDICA 16.-19.11.
backstreet_boys_2026,Backstreet Boys – Homecoming Residency (Stadion),concert,Merkur Spiel-Arena,Düsseldorf,51.2617,6.7331,2026-10-06,2026-10-07,,Einzige Europa-Termine 2026,,A,,0.0,1.0,https://www.visitduesseldorf.de/en/experience/events/musik/backstreet-boys-duesseldorf,official_via_search,high,Residency 25.09.-07.10.; im Fenster nur 06./07.10.; internationale Anreise
apache207_2026,Apache 207 (Konzert),concert,PSD Bank Dome,Düsseldorf,51.2668,6.7444,2026-10-08,2026-10-08,,,,D,,0.0,1.0,https://www.regioactive.de/location/duesseldorf/psd-bank-dome-WVd01ts2b,secondary,medium,"Arena-Konzert; Herabgestuft 04.10.2026: Arena ~13.000 Plätze, überwiegend regionales Tagespublikum, keine Preisdaten"
strokes_2026,The Strokes (Konzert),concert,PSD Bank Dome,Düsseldorf,51.2668,6.7444,2026-10-13,2026-10-13,,,,D,,0.0,1.0,https://www.regioactive.de/location/duesseldorf/psd-bank-dome-WVd01ts2b,secondary,medium,"Arena-Konzert; Herabgestuft 04.10.2026: Arena ~13.000 Plätze, überwiegend regionales Tagespublikum, keine Preisdaten"
hans_zimmer_2026,The World of Hans Zimmer,concert,PSD Bank Dome,Düsseldorf,51.2668,6.7444,2026-10-15,2026-10-15,,,,D,,0.0,1.0,https://www.regioactive.de/location/duesseldorf/psd-bank-dome-WVd01ts2b,secondary,medium,"Arena-Konzert; Herabgestuft 04.10.2026: Arena ~13.000 Plätze, überwiegend regionales Tagespublikum, keine Preisdaten"
young_thug_2026,Young Thug (Konzert),concert,PSD Bank Dome,Düsseldorf,51.2668,6.7444,2026-10-17,2026-10-17,,,,D,,0.0,1.0,https://www.regioactive.de/location/duesseldorf/psd-bank-dome-WVd01ts2b,secondary,medium,"Arena-Konzert; Herabgestuft 04.10.2026: Arena ~13.000 Plätze, überwiegend regionales Tagespublikum, keine Preisdaten"
dimash_2026,Dimash Qudaibergen (Konzert),concert,PSD Bank Dome,Düsseldorf,51.2668,6.7444,2026-10-24,2026-10-24,,,,D,,0.0,1.0,https://www.regioactive.de/location/duesseldorf/psd-bank-dome-WVd01ts2b,secondary,medium,"Internationale Fangemeinde; Herabgestuft 04.10.2026: Arena ~13.000 Plätze, überwiegend regionales Tagespublikum, keine Preisdaten"
deutschland_cup_2026,Deutschland Cup (Eishockey),sport,PSD Bank Dome,Düsseldorf,51.2668,6.7444,2026-11-05,2026-11-08,,,,D,,0.0,1.0,https://prinz.de/events/deutschland-cup-2026/2026-11-05/,secondary,low,Enddatum angenommen (4-Tage-Turnier)
tokio_hotel_2026,Tokio Hotel (Konzert),concert,PSD Bank Dome,Düsseldorf,51.2668,6.7444,2026-11-19,2026-11-19,,,,D,,0.0,1.0,https://www.regioactive.de/location/duesseldorf/psd-bank-dome-WVd01ts2b,secondary,medium,"Arena-Konzert; Herabgestuft 04.10.2026: Arena ~13.000 Plätze, überwiegend regionales Tagespublikum, keine Preisdaten"
weihnachten_familie_2026,Weihnachten – Familienbesuche,holiday_event,Düsseldorf,Düsseldorf,51.2256,6.7735,2026-12-22,2026-12-28,,,,D,,0.0,1.0,,assumption,low,ANNAHME: Nachfrage durch Familienbesuche; keine Marktdaten
broilers_2026,Broilers – Santa's Action Club,concert,PSD Bank Dome,Düsseldorf,51.2668,6.7444,2026-12-25,2026-12-25,,,,D,,0.0,1.0,https://www.regioactive.de/location/duesseldorf/psd-bank-dome-WVd01ts2b,secondary,medium,"Düsseldorfer Band; Weihnachtskonzert; Herabgestuft 04.10.2026: Arena ~13.000 Plätze, überwiegend regionales Tagespublikum, keine Preisdaten"
cologne_pride_2027,Cologne Pride / CSD (Köln),festival,Köln Innenstadt,Köln,50.9375,6.9603,2027-07-02,2027-07-04,,Hunderttausende Besucher,,D,,,,https://www.stadt-koeln.de/leben-in-koeln/veranstaltungen/daten/35635/index.html,secondary,medium,Überlaufeffekt nach Düsseldorf angenommen
dmexco_2027,DMEXCO 2027 (Köln),trade_fair,Koelnmesse,Köln,50.9470,6.9830,2027-09-22,2027-09-23,,,,D,,,,https://travel2fair.com/exhibitions/dmexco/22-september-2027-23-september-2027,secondary,medium,Überlaufeffekt nach Düsseldorf angenommen
