listing_id,snapshot_date,stay_date,nightly_price,total_price,nights_queried,guests,available,min_nights,price_type,observer
abnb_zentrale_gemuetliche_2zi,2026-10-04,2026-10-29,92.80,185.60,2,1,1,,angeboten; Nachtpreis laut Preisdetail (keine Gebühren angezeigt),Eigentümer (Screenshot)
abnb_zentrale_gemuetliche_2zi,2026-10-04,2026-10-30,92.80,185.60,2,1,1,,angeboten; Nachtpreis laut Preisdetail (keine Gebühren angezeigt),Eigentümer (Screenshot)
abnb_modern_renoviert_1zi,2026-10-04,2026-10-29,98.50,197.00,2,1,1,,angeboten; 95.50 Nacht + 6.00 Steuern auf 2 Nächte,Eigentümer (Screenshot)
abnb_modern_renoviert_1zi,2026-10-04,2026-10-30,98.50,197.00,2,1,1,,angeboten; 95.50 Nacht + 6.00 Steuern auf 2 Nächte,Eigentümer (Screenshot)
abnb_1sz_doppelbett_300,2026-10-04,2026-10-29,150.00,300.00,2,1,1,,angeboten; Gesamtpreis / 2 (Zusammensetzung unbekannt),Eigentümer (Screenshot)
abnb_1sz_doppelbett_300,2026-10-04,2026-10-30,150.00,300.00,2,1,1,,angeboten; Gesamtpreis / 2 (Zusammensetzung unbekannt),Eigentümer (Screenshot)
abnb_moderne_zentrale_495,2026-10-04,2026-10-29,92.50,185.00,2,1,1,,angeboten; Gesamtpreis / 2 nach Rabatt (vorher 211),Eigentümer (Screenshot)
abnb_moderne_zentrale_495,2026-10-04,2026-10-30,92.50,185.00,2,1,1,,angeboten; Gesamtpreis / 2 nach Rabatt (vorher 211),Eigentümer (Screenshot)
abnb_1sz_zentrum_superhost,2026-10-04,2026-10-29,92.50,185.00,2,1,1,,angeboten; Gesamtpreis / 2 nach Rabatt (vorher 211),Eigentümer (Screenshot)
abnb_1sz_zentrum_superhost,2026-10-04,2026-10-30,92.50,185.00,2,1,1,,angeboten; Gesamtpreis / 2 nach Rabatt (vorher 211),Eigentümer (Screenshot)
abnb_deluxe_balkon_altstadt,2026-10-04,2026-10-29,121.50,243.00,2,1,1,,angeboten; Gesamtpreis / 2 nach Rabatt (vorher 291),Eigentümer (Screenshot)
abnb_deluxe_balkon_altstadt,2026-10-04,2026-10-30,121.50,243.00,2,1,1,,angeboten; Gesamtpreis / 2 nach Rabatt (vorher 291),Eigentümer (Screenshot)
medica_design_studio_hbf,2026-10-04,2026-11-17,264.50,529.00,2,1,1,,angeboten; Gesamtpreis inkl. MwSt. und Gebühren / 2 (MEDICA),Eigentümer (Screenshot)
medica_design_studio_hbf,2026-10-04,2026-11-18,264.50,529.00,2,1,1,,angeboten; Gesamtpreis inkl. MwSt. und Gebühren / 2 (MEDICA),Eigentümer (Screenshot)
medica_ruhig_messenaehe,2026-10-04,2026-11-17,260.00,520.00,2,1,1,,angeboten; Gesamtpreis inkl. MwSt. und Gebühren / 2 (MEDICA),Eigentümer (Screenshot)
medica_ruhig_messenaehe,2026-10-04,2026-11-18,260.00,520.00,2,1,1,,angeboten; Gesamtpreis inkl. MwSt. und Gebühren / 2 (MEDICA),Eigentümer (Screenshot)
medica_benrath_balkon,2026-10-04,2026-11-17,79.50,159.00,2,1,1,,angeboten; Gesamtpreis inkl. MwSt. und Gebühren / 2 (MEDICA),Eigentümer (Screenshot)
medica_benrath_balkon,2026-10-04,2026-11-18,79.50,159.00,2,1,1,,angeboten; Gesamtpreis inkl. MwSt. und Gebühren / 2 (MEDICA),Eigentümer (Screenshot)
medica_apartment_naehe,2026-10-04,2026-11-17,129.00,258.00,2,1,1,,angeboten; Gesamtpreis inkl. MwSt. und Gebühren / 2 (MEDICA),Eigentümer (Screenshot)
medica_apartment_naehe,2026-10-04,2026-11-18,129.00,258.00,2,1,1,,angeboten; Gesamtpreis inkl. MwSt. und Gebühren / 2 (MEDICA),Eigentümer (Screenshot)
medica_casa_maxima_benrath,2026-10-04,2026-11-17,116.00,232.00,2,1,1,,angeboten; Gesamtpreis inkl. MwSt. und Gebühren / 2 (MEDICA),Eigentümer (Screenshot)
medica_casa_maxima_benrath,2026-10-04,2026-11-18,116.00,232.00,2,1,1,,angeboten; Gesamtpreis inkl. MwSt. und Gebühren / 2 (MEDICA),Eigentümer (Screenshot)
medica_barrierefrei_4betten,2026-10-04,2026-11-17,346.00,692.00,2,1,1,,angeboten; Gesamtpreis inkl. MwSt. und Gebühren / 2 (MEDICA),Eigentümer (Screenshot)
medica_barrierefrei_4betten,2026-10-04,2026-11-18,346.00,692.00,2,1,1,,angeboten; Gesamtpreis inkl. MwSt. und Gebühren / 2 (MEDICA),Eigentümer (Screenshot)
medica_airport_messe,2026-10-04,2026-11-17,185.00,370.00,2,1,1,,angeboten; Gesamtpreis inkl. MwSt. und Gebühren / 2 (MEDICA),Eigentümer (Screenshot)
medica_airport_messe,2026-10-04,2026-11-18,185.00,370.00,2,1,1,,angeboten; Gesamtpreis inkl. MwSt. und Gebühren / 2 (MEDICA),Eigentümer (Screenshot)
medica_zentral_3betten,2026-10-04,2026-11-17,425.50,851.00,2,1,1,,angeboten; Gesamtpreis inkl. MwSt. und Gebühren / 2 (MEDICA),Eigentümer (Screenshot)
medica_zentral_3betten,2026-10-04,2026-11-18,425.50,851.00,2,1,1,,angeboten; Gesamtpreis inkl. MwSt. und Gebühren / 2 (MEDICA),Eigentümer (Screenshot)
medica_kuenstler_hamm,2026-10-04,2026-11-17,129.50,259.00,2,1,1,,angeboten; Gesamtpreis inkl. MwSt. und Gebühren / 2 (MEDICA),Eigentümer (Screenshot)
medica_kuenstler_hamm,2026-10-04,2026-11-18,129.50,259.00,2,1,1,,angeboten; Gesamtpreis inkl. MwSt. und Gebühren / 2 (MEDICA),Eigentümer (Screenshot)
medica_loft_whirlpool,2026-10-04,2026-11-17,384.00,768.00,2,1,1,,angeboten; Gesamtpreis inkl. MwSt. und Gebühren / 2 (MEDICA),Eigentümer (Screenshot)
medica_loft_whirlpool,2026-10-04,2026-11-18,384.00,768.00,2,1,1,,angeboten; Gesamtpreis inkl. MwSt. und Gebühren / 2 (MEDICA),Eigentümer (Screenshot)
medica_1raum_wald,2026-10-04,2026-11-17,153.50,307.00,2,1,1,,angeboten; Gesamtpreis inkl. MwSt. und Gebühren / 2 (MEDICA),Eigentümer (Screenshot)
medica_1raum_wald,2026-10-04,2026-11-18,153.50,307.00,2,1,1,,angeboten; Gesamtpreis inkl. MwSt. und Gebühren / 2 (MEDICA),Eigentümer (Screenshot)
medica_cosy_tiny_loft,2026-10-04,2026-11-17,203.00,406.00,2,1,1,,angeboten; Gesamtpreis inkl. MwSt. und Gebühren / 2 (MEDICA),Eigentümer (Screenshot)
medica_cosy_tiny_loft,2026-10-04,2026-11-18,203.00,406.00,2,1,1,,angeboten; Gesamtpreis inkl. MwSt. und Gebühren / 2 (MEDICA),Eigentümer (Screenshot)
medica_neuss_gemuetlich,2026-10-04,2026-11-17,112.00,224.00,2,1,1,,angeboten; Gesamtpreis inkl. MwSt. und Gebühren / 2 (MEDICA),Eigentümer (Screenshot)
medica_neuss_gemuetlich,2026-10-04,2026-11-18,112.00,224.00,2,1,1,,angeboten; Gesamtpreis inkl. MwSt. und Gebühren / 2 (MEDICA),Eigentümer (Screenshot)
medica_neuss_zentrumsnah,2026-10-04,2026-11-17,90.00,180.00,2,1,1,,angeboten; Gesamtpreis inkl. MwSt. und Gebühren / 2 (MEDICA),Eigentümer (Screenshot)
medica_neuss_zentrumsnah,2026-10-04,2026-11-18,90.00,180.00,2,1,1,,angeboten; Gesamtpreis inkl. MwSt. und Gebühren / 2 (MEDICA),Eigentümer (Screenshot)
medica_neuss_schoen,2026-10-04,2026-11-17,72.00,144.00,2,1,1,,angeboten; Gesamtpreis inkl. MwSt. und Gebühren / 2 (MEDICA),Eigentümer (Screenshot)
medica_neuss_schoen,2026-10-04,2026-11-18,72.00,144.00,2,1,1,,angeboten; Gesamtpreis inkl. MwSt. und Gebühren / 2 (MEDICA),Eigentümer (Screenshot)
medica_neuss_dg,2026-10-04,2026-11-17,106.00,212.00,2,1,1,,angeboten; Gesamtpreis inkl. MwSt. und Gebühren / 2 (MEDICA),Eigentümer (Screenshot)
medica_neuss_dg,2026-10-04,2026-11-18,106.00,212.00,2,1,1,,angeboten; Gesamtpreis inkl. MwSt. und Gebühren / 2 (MEDICA),Eigentümer (Screenshot)
medica_neuss_modern_ew,2026-10-04,2026-11-17,216.00,432.00,2,1,1,,angeboten; Gesamtpreis inkl. MwSt. und Gebühren / 2 (MEDICA),Eigentümer (Screenshot)
medica_neuss_modern_ew,2026-10-04,2026-11-18,216.00,432.00,2,1,1,,angeboten; Gesamtpreis inkl. MwSt. und Gebühren / 2 (MEDICA),Eigentümer (Screenshot)
medica_neuss_hell_dg,2026-10-04,2026-11-17,135.00,270.00,2,1,1,,angeboten; Gesamtpreis inkl. MwSt. und Gebühren / 2 (MEDICA),Eigentümer (Screenshot)
medica_neuss_hell_dg,2026-10-04,2026-11-18,135.00,270.00,2,1,1,,angeboten; Gesamtpreis inkl. MwSt. und Gebühren / 2 (MEDICA),Eigentümer (Screenshot)
medica_neuss_modern_zentrum,2026-10-04,2026-11-17,154.00,308.00,2,1,1,,angeboten; Gesamtpreis inkl. MwSt. und Gebühren / 2 (MEDICA),Eigentümer (Screenshot)
medica_neuss_modern_zentrum,2026-10-04,2026-11-18,154.00,308.00,2,1,1,,angeboten; Gesamtpreis inkl. MwSt. und Gebühren / 2 (MEDICA),Eigentümer (Screenshot)
medica_meerbusch_hofblick,2026-10-04,2026-11-17,107.50,215.00,2,1,1,,angeboten; Gesamtpreis inkl. MwSt. und Gebühren / 2 (MEDICA),Eigentümer (Screenshot)
medica_meerbusch_hofblick,2026-10-04,2026-11-18,107.50,215.00,2,1,1,,angeboten; Gesamtpreis inkl. MwSt. und Gebühren / 2 (MEDICA),Eigentümer (Screenshot)
medica_ratingen_flughafen,2026-10-04,2026-11-17,78.00,156.00,2,1,1,,angeboten; Gesamtpreis inkl. MwSt. und Gebühren / 2 (MEDICA),Eigentümer (Screenshot)
medica_ratingen_flughafen,2026-10-04,2026-11-18,78.00,156.00,2,1,1,,angeboten; Gesamtpreis inkl. MwSt. und Gebühren / 2 (MEDICA),Eigentümer (Screenshot)
glas_historisch_1sz,2026-10-04,2026-10-20,77.00,154.00,2,1,1,,angeboten; Gesamtpreis inkl. Gebühren / Nächte (glasstec),Eigentümer (Screenshot)
glas_historisch_1sz,2026-10-04,2026-10-21,77.00,154.00,2,1,1,,angeboten; Gesamtpreis inkl. Gebühren / Nächte (glasstec),Eigentümer (Screenshot)
glas_1zi_2einzel,2026-10-04,2026-10-20,74.00,148.00,2,1,1,,angeboten; Gesamtpreis inkl. Gebühren / Nächte (glasstec),Eigentümer (Screenshot)
glas_1zi_2einzel,2026-10-04,2026-10-21,74.00,148.00,2,1,1,,angeboten; Gesamtpreis inkl. Gebühren / Nächte (glasstec),Eigentümer (Screenshot)
glas_japanviertel,2026-10-04,2026-10-20,132.00,264.00,2,1,1,,angeboten; Gesamtpreis inkl. Gebühren / Nächte (glasstec),Eigentümer (Screenshot)
glas_japanviertel,2026-10-04,2026-10-21,132.00,264.00,2,1,1,,angeboten; Gesamtpreis inkl. Gebühren / Nächte (glasstec),Eigentümer (Screenshot)
glas_the_red_luxus,2026-10-04,2026-10-20,171.00,342.00,2,1,1,,angeboten; Gesamtpreis inkl. Gebühren / Nächte (glasstec),Eigentümer (Screenshot)
glas_the_red_luxus,2026-10-04,2026-10-21,171.00,342.00,2,1,1,,angeboten; Gesamtpreis inkl. Gebühren / Nächte (glasstec),Eigentümer (Screenshot)
glas_wohnung_nr1,2026-10-04,2026-10-19,150.00,450.00,3,1,1,,angeboten; Gesamtpreis inkl. Gebühren / Nächte (glasstec),Eigentümer (Screenshot)
glas_wohnung_nr1,2026-10-04,2026-10-20,150.00,450.00,3,1,1,,angeboten; Gesamtpreis inkl. Gebühren / Nächte (glasstec),Eigentümer (Screenshot)
glas_wohnung_nr1,2026-10-04,2026-10-21,150.00,450.00,3,1,1,,angeboten; Gesamtpreis inkl. Gebühren / Nächte (glasstec),Eigentümer (Screenshot)
glas_neuss_casa_mia,2026-10-04,2026-10-20,110.00,220.00,2,1,1,,angeboten; Gesamtpreis inkl. Gebühren / Nächte (glasstec),Eigentümer (Screenshot)
glas_neuss_casa_mia,2026-10-04,2026-10-21,110.00,220.00,2,1,1,,angeboten; Gesamtpreis inkl. Gebühren / Nächte (glasstec),Eigentümer (Screenshot)
glas_neuss_angebunden,2026-10-04,2026-10-20,80.00,160.00,2,1,1,,angeboten; Gesamtpreis inkl. Gebühren / Nächte (glasstec),Eigentümer (Screenshot)
glas_neuss_angebunden,2026-10-04,2026-10-21,80.00,160.00,2,1,1,,angeboten; Gesamtpreis inkl. Gebühren / Nächte (glasstec),Eigentümer (Screenshot)
glas_meerbusch_buederich,2026-10-04,2026-10-20,82.50,165.00,2,1,1,,angeboten; Gesamtpreis inkl. Gebühren / Nächte (glasstec),Eigentümer (Screenshot)
glas_meerbusch_buederich,2026-10-04,2026-10-21,82.50,165.00,2,1,1,,angeboten; Gesamtpreis inkl. Gebühren / Nächte (glasstec),Eigentümer (Screenshot)
glas_ratingen_zentrum,2026-10-04,2026-10-20,83.00,166.00,2,1,1,,angeboten; Gesamtpreis inkl. Gebühren / Nächte (glasstec),Eigentümer (Screenshot)
glas_ratingen_zentrum,2026-10-04,2026-10-21,83.00,166.00,2,1,1,,angeboten; Gesamtpreis inkl. Gebühren / Nächte (glasstec),Eigentümer (Screenshot)
