von,bis,Nächte,Airbnb-Nachtpreis,Gastpreis/Nacht,Mindestnächte,Event
2027-06-01,2027-06-02,2,79,99,2,
2027-06-03,2027-06-03,1,89,109,2,
2027-06-04,2027-06-05,2,99,119,2,
2027-06-06,2027-06-06,1,69,89,1,
2027-06-07,2027-06-09,3,79,99,2,
2027-06-10,2027-06-10,1,89,109,2,
2027-06-11,2027-06-12,2,99,119,2,
2027-06-13,2027-06-13,1,69,89,1,
2027-06-14,2027-06-16,3,79,99,2,
2027-06-17,2027-06-17,1,89,109,2,
2027-06-18,2027-06-19,2,99,119,2,
2027-06-20,2027-06-20,1,139,159,2,GIFA / METEC / THERMPROCESS / NEWCAST 2027
2027-06-21,2027-06-24,4,159,179,2,GIFA / METEC / THERMPROCESS / NEWCAST 2027
2027-06-25,2027-06-25,1,129,149,2,GIFA / METEC / THERMPROCESS / NEWCAST 2027
2027-06-26,2027-06-26,1,99,119,2,
2027-06-27,2027-06-27,1,69,89,1,
2027-06-28,2027-06-30,3,79,99,2,
2027-07-01,2027-07-01,1,79,99,2,Cologne Pride / CSD (Köln)
2027-07-02,2027-07-02,1,89,109,2,Cologne Pride / CSD (Köln)
2027-07-03,2027-07-03,1,159,179,2,Die Toten Hosen (Stadion) + Cologne Pride / CSD (Köln)
2027-07-04,2027-07-04,1,139,159,2,Die Toten Hosen (Stadion) + Cologne Pride / CSD (Köln)
2027-07-05,2027-07-08,4,69,89,1,
2027-07-09,2027-07-09,1,89,109,2,
2027-07-10,2027-07-10,1,159,179,2,Die Toten Hosen (Stadion)
2027-07-11,2027-07-11,1,59,79,1,
2027-07-12,2027-07-15,4,69,89,1,
2027-07-16,2027-07-16,1,109,129,2,Rheinkirmes 2027
2027-07-17,2027-07-17,1,139,159,2,Rheinkirmes 2027 + Karol G (Stadion)
2027-07-18,2027-07-18,1,59,79,1,
2027-07-19,2027-07-22,4,69,89,1,
2027-07-23,2027-07-24,2,109,129,2,Rheinkirmes 2027
2027-07-25,2027-07-25,1,59,79,1,
2027-07-26,2027-07-29,4,69,89,1,
2027-07-30,2027-07-30,1,79,99,2,
2027-07-31,2027-07-31,1,89,109,2,
2027-08-01,2027-08-01,1,59,79,1,
2027-08-02,2027-08-05,4,69,89,1,
2027-08-06,2027-08-06,1,79,99,2,
2027-08-07,2027-08-07,1,89,109,2,
2027-08-08,2027-08-08,1,59,79,1,
2027-08-09,2027-08-12,4,69,89,1,
2027-08-13,2027-08-13,1,79,99,2,
2027-08-14,2027-08-14,1,89,109,2,
2027-08-15,2027-08-15,1,59,79,1,
2027-08-16,2027-08-19,4,69,89,1,
2027-08-20,2027-08-20,1,79,99,2,
2027-08-21,2027-08-21,1,89,109,2,
2027-08-22,2027-08-22,1,59,79,1,
2027-08-23,2027-08-23,1,69,89,1,
2027-08-24,2027-08-25,2,79,99,2,gamescom 2027 (Köln)
2027-08-26,2027-08-26,1,99,119,2,CARAVAN SALON 2027 + gamescom 2027 (Köln)
2027-08-27,2027-08-28,2,129,149,2,CARAVAN SALON 2027 + gamescom 2027 (Köln) + Neusser Bürger-Schützenfest 2027
2027-08-29,2027-08-29,1,89,109,2,CARAVAN SALON 2027 + Neusser Bürger-Schützenfest 2027 + gamescom 2027 (Köln)
2027-08-30,2027-08-31,2,89,109,2,CARAVAN SALON 2027 + Neusser Bürger-Schützenfest 2027
2027-09-01,2027-09-01,1,109,129,2,CARAVAN SALON 2027
2027-09-02,2027-09-02,1,119,139,2,CARAVAN SALON 2027
2027-09-03,2027-09-03,1,139,159,2,CARAVAN SALON 2027
2027-09-04,2027-09-04,1,149,169,2,CARAVAN SALON 2027
2027-09-05,2027-09-05,1,79,99,2,CARAVAN SALON 2027
2027-09-06,2027-09-06,1,79,99,2,
2027-09-07,2027-09-09,3,89,109,2,
2027-09-10,2027-09-10,1,99,119,2,
2027-09-11,2027-09-11,1,109,129,2,
2027-09-12,2027-09-12,1,69,89,1,
2027-09-13,2027-09-13,1,79,99,2,
2027-09-14,2027-09-16,3,89,109,2,
2027-09-17,2027-09-17,1,99,119,2,
2027-09-18,2027-09-18,1,109,129,2,
2027-09-19,2027-09-19,1,69,89,1,
2027-09-20,2027-09-20,1,79,99,2,
2027-09-21,2027-09-23,3,89,109,2,DMEXCO 2027 (Köln)
2027-09-24,2027-09-24,1,99,119,2,
2027-09-25,2027-09-25,1,109,129,2,
2027-09-26,2027-09-26,1,69,89,1,
2027-09-27,2027-09-27,1,79,99,2,
2027-09-28,2027-09-30,3,89,109,2,
