Datum,Wochentag,Gastpreis/Nacht (inkl. allem),Airbnb-Nachtpreis eintragen,Mindestnächte,Event,Nachfrage,Datenbasis,Status,Begründung
2026-10-06,Dienstag,169,159,1,Backstreet Boys – Homecoming Residency (Stadion),hoch,Annahme: Event-Aufschlag ohne Vergleichspreise,gebucht,Saison 1.08; Wochentag 1.00; Event: Backstreet Boys – Homecoming Residency (Stadion) (+55%); Nachfrageindex 1.67; bereits gebucht (Auszahlung 66 EUR)
2026-10-07,Mittwoch,169,159,1,Backstreet Boys – Homecoming Residency (Stadion),hoch,Annahme: Event-Aufschlag ohne Vergleichspreise,gebucht,Saison 1.08; Wochentag 1.00; Event: Backstreet Boys – Homecoming Residency (Stadion) (+55%); Nachfrageindex 1.67; bereits gebucht (Auszahlung 66 EUR)
2026-10-08,Donnerstag,99,89,1,Apache 207 (Konzert),erhöht,abgeleitet: Vergleichspreise normaler Tage + eigene Buchungen,freigeben,Saison 1.08; Wochentag 1.00; Event: Apache 207 (Konzert) (+5%); Nachfrageindex 1.13
2026-10-09,Freitag,99,89,2,,erhöht,abgeleitet: Vergleichspreise normaler Tage + eigene Buchungen,freigeben,Saison 1.08; Wochentag 1.06; Nachfrageindex 1.14
2026-10-10,Samstag,99,89,2,,erhöht,abgeleitet: Vergleichspreise normaler Tage + eigene Buchungen,freigeben,Saison 1.08; Wochentag 1.08; Nachfrageindex 1.17
2026-10-11,Sonntag,79,69,1,,normal,abgeleitet: Vergleichspreise normaler Tage + eigene Buchungen,freigeben,Saison 1.08; Wochentag 0.88; Nachfrageindex 0.95
2026-10-12,Montag,89,79,1,,normal,abgeleitet: Vergleichspreise normaler Tage + eigene Buchungen,freigeben,Saison 1.08; Wochentag 0.95; Nachfrageindex 1.03
2026-10-13,Dienstag,99,89,1,The Strokes (Konzert),erhöht,abgeleitet: Vergleichspreise normaler Tage + eigene Buchungen,freigeben,Saison 1.08; Wochentag 0.97; Event: The Strokes (Konzert) (+5%); Nachfrageindex 1.10
2026-10-14,Mittwoch,99,89,1,,normal,abgeleitet: Vergleichspreise normaler Tage + eigene Buchungen,freigeben,Saison 1.08; Wochentag 0.97; Nachfrageindex 1.05
2026-10-15,Donnerstag,109,99,1,The World of Hans Zimmer,erhöht,abgeleitet: Vergleichspreise normaler Tage + eigene Buchungen,freigeben,Saison 1.08; Wochentag 1.00; Event: The World of Hans Zimmer (+5%); Nachfrageindex 1.13
2026-10-16,Freitag,109,99,2,,erhöht,abgeleitet: Vergleichspreise normaler Tage + eigene Buchungen,freigeben,Saison 1.08; Wochentag 1.06; Nachfrageindex 1.14
2026-10-17,Samstag,109,99,1,Young Thug (Konzert),erhöht,abgeleitet: Vergleichspreise normaler Tage + eigene Buchungen,freigeben,Saison 1.08; Wochentag 1.08; Schulferien NRW (-3%); Event: Young Thug (Konzert) (+5%); Nachfrageindex 1.19; Mindestaufenthalt auf 1 verkürzt (freie Lücke)
2026-10-18,Sonntag,79,69,1,,niedrig,abgeleitet: Vergleichspreise normaler Tage + eigene Buchungen,gebucht,Saison 1.08; Wochentag 0.88; Schulferien NRW (-3%); Nachfrageindex 0.92; bereits gebucht (Auszahlung unbekannt)
2026-10-19,Montag,109,99,1,glasstec 2026,erhöht,Annahme: Event-Aufschlag ohne Vergleichspreise,gebucht,Saison 1.08; Wochentag 0.95; Schulferien NRW (-3%); Event: glasstec 2026 (+20%); Nachfrageindex 1.19; bereits gebucht (Auszahlung unbekannt)
2026-10-20,Dienstag,119,109,1,glasstec 2026,erhöht,belegt: Vergleichs-Median 132 € (inkl. allem),gebucht,Saison 1.08; Wochentag 0.97; Schulferien NRW (-3%); Event: glasstec 2026 (+25%); Nachfrageindex 1.27; bereits gebucht (Auszahlung unbekannt)
2026-10-21,Mittwoch,119,109,1,glasstec 2026,erhöht,belegt: Vergleichs-Median 132 € (inkl. allem),gebucht,Saison 1.08; Wochentag 0.97; Schulferien NRW (-3%); Event: glasstec 2026 (+25%); Nachfrageindex 1.27; bereits gebucht (Auszahlung unbekannt)
2026-10-22,Donnerstag,119,109,1,glasstec 2026,hoch,Annahme: Event-Aufschlag ohne Vergleichspreise,freigeben,Saison 1.08; Wochentag 1.00; Schulferien NRW (-3%); Event: glasstec 2026 (+25%); Nachfrageindex 1.31
2026-10-23,Freitag,109,99,2,glasstec 2026,erhöht,Annahme: Event-Aufschlag ohne Vergleichspreise,freigeben,Saison 1.08; Wochentag 1.06; Schulferien NRW (-3%); Event: glasstec 2026 (+8%); Nachfrageindex 1.19
2026-10-24,Samstag,109,99,2,Dimash Qudaibergen (Konzert),erhöht,abgeleitet: Vergleichspreise normaler Tage + eigene Buchungen,freigeben,Saison 1.08; Wochentag 1.08; Schulferien NRW (-3%); Event: Dimash Qudaibergen (Konzert) (+5%); Nachfrageindex 1.19
2026-10-25,Sonntag,89,79,1,,niedrig,abgeleitet: Vergleichspreise normaler Tage + eigene Buchungen,freigeben,Saison 1.08; Wochentag 0.88; Schulferien NRW (-3%); Nachfrageindex 0.92
2026-10-26,Montag,89,79,1,,normal,abgeleitet: Vergleichspreise normaler Tage + eigene Buchungen,freigeben,Saison 1.08; Wochentag 0.95; Schulferien NRW (-3%); Nachfrageindex 1.00
2026-10-27,Dienstag,99,89,1,,normal,abgeleitet: Vergleichspreise normaler Tage + eigene Buchungen,freigeben,Saison 1.08; Wochentag 0.97; Schulferien NRW (-3%); Nachfrageindex 1.02
2026-10-28,Mittwoch,99,89,1,,normal,abgeleitet: Vergleichspreise normaler Tage + eigene Buchungen,freigeben,Saison 1.08; Wochentag 0.97; Schulferien NRW (-3%); Nachfrageindex 1.02
2026-10-29,Donnerstag,99,89,1,,normal,belegt: Vergleichs-Median 96 € (inkl. allem),freigeben,Saison 1.08; Wochentag 1.00; Schulferien NRW (-3%); Nachfrageindex 1.05; Manuell gesetzt: Vergleichs-Median an diesem Datum 93 €; nur 1-Nacht-Aufenthalt möglich (Urlaub ab 30.10.)
2026-10-30,Freitag,109,99,2,,erhöht,belegt: Vergleichs-Median 96 € (inkl. allem),blockiert,Saison 1.08; Wochentag 1.06; Schulferien NRW (-3%); Nachfrageindex 1.11; blockiert (Urlaub) – nur als Gesamtzeitraum vermietbar
2026-10-31,Samstag,109,99,2,,erhöht,abgeleitet: Vergleichspreise normaler Tage + eigene Buchungen,blockiert,Saison 1.08; Wochentag 1.08; Vorabend Allerheiligen (+3%); Schulferien NRW (-3%); Nachfrageindex 1.20; blockiert (Urlaub) – nur als Gesamtzeitraum vermietbar
2026-11-01,Sonntag,79,69,1,,niedrig,abgeleitet: Vergleichspreise normaler Tage + eigene Buchungen,blockiert,Saison 1.00; Wochentag 0.88; Allerheiligen (+0%); Nachfrageindex 0.88; blockiert (Urlaub) – nur als Gesamtzeitraum vermietbar
2026-11-02,Montag,89,79,1,,normal,abgeleitet: Vergleichspreise normaler Tage + eigene Buchungen,blockiert,Saison 1.00; Wochentag 0.95; Nachfrageindex 0.95; blockiert (Urlaub) – nur als Gesamtzeitraum vermietbar
2026-11-03,Dienstag,89,79,1,,normal,abgeleitet: Vergleichspreise normaler Tage + eigene Buchungen,blockiert,Saison 1.00; Wochentag 0.97; Nachfrageindex 0.97; blockiert (Urlaub) – nur als Gesamtzeitraum vermietbar
2026-11-04,Mittwoch,89,79,1,,normal,abgeleitet: Vergleichspreise normaler Tage + eigene Buchungen,blockiert,Saison 1.00; Wochentag 0.97; Nachfrageindex 0.97; blockiert (Urlaub) – nur als Gesamtzeitraum vermietbar
2026-11-05,Donnerstag,99,89,1,Deutschland Cup (Eishockey),normal,abgeleitet: Vergleichspreise normaler Tage + eigene Buchungen,blockiert,Saison 1.00; Wochentag 1.00; Event: Deutschland Cup (Eishockey) (+5%); Nachfrageindex 1.05; blockiert (Urlaub) – nur als Gesamtzeitraum vermietbar
2026-11-06,Freitag,109,99,2,Deutschland Cup (Eishockey),erhöht,abgeleitet: Vergleichspreise normaler Tage + eigene Buchungen,blockiert,Saison 1.00; Wochentag 1.06; Event: Deutschland Cup (Eishockey) (+5%); Nachfrageindex 1.11; blockiert (Urlaub) – nur als Gesamtzeitraum vermietbar
2026-11-07,Samstag,109,99,2,Deutschland Cup (Eishockey),erhöht,abgeleitet: Vergleichspreise normaler Tage + eigene Buchungen,blockiert,Saison 1.00; Wochentag 1.08; Event: Deutschland Cup (Eishockey) (+5%); Nachfrageindex 1.13; blockiert (Urlaub) – nur als Gesamtzeitraum vermietbar
2026-11-08,Sonntag,89,79,1,Deutschland Cup (Eishockey),niedrig,abgeleitet: Vergleichspreise normaler Tage + eigene Buchungen,blockiert,Saison 1.00; Wochentag 0.88; Event: Deutschland Cup (Eishockey) (+5%); Nachfrageindex 0.92; blockiert (Urlaub) – nur als Gesamtzeitraum vermietbar
2026-11-09,Montag,89,79,1,,normal,abgeleitet: Vergleichspreise normaler Tage + eigene Buchungen,blockiert,Saison 1.00; Wochentag 0.95; Nachfrageindex 0.95; blockiert (Urlaub) – nur als Gesamtzeitraum vermietbar
2026-11-10,Dienstag,89,79,1,,normal,abgeleitet: Vergleichspreise normaler Tage + eigene Buchungen,blockiert,Saison 1.00; Wochentag 0.97; Nachfrageindex 0.97; blockiert (Urlaub) – nur als Gesamtzeitraum vermietbar
2026-11-11,Mittwoch,99,89,1,Karnevalsauftakt 11.11.,erhöht,abgeleitet: Vergleichspreise normaler Tage + eigene Buchungen,blockiert,Saison 1.00; Wochentag 0.97; Event: Karnevalsauftakt 11.11. (+12%); Nachfrageindex 1.09; blockiert (Urlaub) – nur als Gesamtzeitraum vermietbar
2026-11-12,Donnerstag,99,89,1,,normal,abgeleitet: Vergleichspreise normaler Tage + eigene Buchungen,blockiert,Saison 1.00; Wochentag 1.00; Nachfrageindex 1.00; blockiert (Urlaub) – nur als Gesamtzeitraum vermietbar
2026-11-13,Freitag,99,89,2,,normal,abgeleitet: Vergleichspreise normaler Tage + eigene Buchungen,blockiert,Saison 1.00; Wochentag 1.06; Nachfrageindex 1.06; blockiert (Urlaub) – nur als Gesamtzeitraum vermietbar
2026-11-14,Samstag,99,89,2,,erhöht,abgeleitet: Vergleichspreise normaler Tage + eigene Buchungen,blockiert,Saison 1.00; Wochentag 1.08; Nachfrageindex 1.08; blockiert (Urlaub) – nur als Gesamtzeitraum vermietbar
2026-11-15,Sonntag,189,179,3,MEDICA + COMPAMED 2026,Spitze,Annahme: Event-Aufschlag ohne Vergleichspreise,freigeben,Saison 1.00; Wochentag 1.00; Event: MEDICA + COMPAMED 2026 (+96%); Nachfrageindex 1.96
2026-11-16,Montag,209,199,3,MEDICA + COMPAMED 2026,Spitze,Annahme: Event-Aufschlag ohne Vergleichspreise,freigeben,Saison 1.00; Wochentag 1.00; Event: MEDICA + COMPAMED 2026 (+120%); Nachfrageindex 2.20
2026-11-17,Dienstag,209,199,3,MEDICA + COMPAMED 2026,Spitze,belegt: Vergleichs-Median 232 € (inkl. allem),freigeben,Saison 1.00; Wochentag 1.00; Event: MEDICA + COMPAMED 2026 (+120%); Nachfrageindex 2.20
2026-11-18,Mittwoch,209,199,3,MEDICA + COMPAMED 2026,Spitze,belegt: Vergleichs-Median 232 € (inkl. allem),freigeben,Saison 1.00; Wochentag 1.00; Event: MEDICA + COMPAMED 2026 (+120%); Nachfrageindex 2.20
2026-11-19,Donnerstag,129,119,3,MEDICA + COMPAMED 2026 + Tokio Hotel (Konzert),hoch,Annahme: Event-Aufschlag ohne Vergleichspreise,freigeben,Saison 1.00; Wochentag 1.00; Event: MEDICA + COMPAMED 2026 + Tokio Hotel (Konzert) (+38%); Nachfrageindex 1.39
2026-11-20,Freitag,109,99,2,Düsseldorfer Weihnachtsmarkt 2026,erhöht,abgeleitet: Vergleichspreise normaler Tage + eigene Buchungen,freigeben,Saison 1.00; Wochentag 1.06; Event: Düsseldorfer Weihnachtsmarkt 2026 (+5%); Nachfrageindex 1.11
2026-11-21,Samstag,109,99,2,Düsseldorfer Weihnachtsmarkt 2026,erhöht,abgeleitet: Vergleichspreise normaler Tage + eigene Buchungen,freigeben,Saison 1.00; Wochentag 1.08; Event: Düsseldorfer Weihnachtsmarkt 2026 (+5%); Nachfrageindex 1.13
2026-11-22,Sonntag,79,69,1,,niedrig,abgeleitet: Vergleichspreise normaler Tage + eigene Buchungen,freigeben,Saison 1.00; Wochentag 0.88; Nachfrageindex 0.88
2026-11-23,Montag,89,79,1,,normal,abgeleitet: Vergleichspreise normaler Tage + eigene Buchungen,freigeben,Saison 1.00; Wochentag 0.95; Nachfrageindex 0.95
2026-11-24,Dienstag,89,79,1,,normal,abgeleitet: Vergleichspreise normaler Tage + eigene Buchungen,freigeben,Saison 1.00; Wochentag 0.97; Nachfrageindex 0.97
2026-11-25,Mittwoch,89,79,1,,normal,abgeleitet: Vergleichspreise normaler Tage + eigene Buchungen,freigeben,Saison 1.00; Wochentag 0.97; Nachfrageindex 0.97
2026-11-26,Donnerstag,99,89,1,,normal,abgeleitet: Vergleichspreise normaler Tage + eigene Buchungen,freigeben,Saison 1.00; Wochentag 1.00; Nachfrageindex 1.00
2026-11-27,Freitag,109,99,2,Düsseldorfer Weihnachtsmarkt 2026,erhöht,abgeleitet: Vergleichspreise normaler Tage + eigene Buchungen,freigeben,Saison 1.00; Wochentag 1.06; Event: Düsseldorfer Weihnachtsmarkt 2026 (+5%); Nachfrageindex 1.11
2026-11-28,Samstag,109,99,2,Düsseldorfer Weihnachtsmarkt 2026,erhöht,abgeleitet: Vergleichspreise normaler Tage + eigene Buchungen,freigeben,Saison 1.00; Wochentag 1.08; Event: Düsseldorfer Weihnachtsmarkt 2026 (+5%); Nachfrageindex 1.13
2026-11-29,Sonntag,79,69,1,,niedrig,abgeleitet: Vergleichspreise normaler Tage + eigene Buchungen,freigeben,Saison 1.00; Wochentag 0.88; Nachfrageindex 0.88
2026-11-30,Montag,89,79,1,VALVE WORLD EXPO 2026,normal,abgeleitet: Vergleichspreise normaler Tage + eigene Buchungen,freigeben,Saison 1.00; Wochentag 0.95; Event: VALVE WORLD EXPO 2026 (+4%); Nachfrageindex 0.99
2026-12-01,Dienstag,89,79,1,VALVE WORLD EXPO 2026,normal,abgeleitet: Vergleichspreise normaler Tage + eigene Buchungen,freigeben,Saison 0.95; Wochentag 0.97; Event: VALVE WORLD EXPO 2026 (+5%); Nachfrageindex 0.97
2026-12-02,Mittwoch,89,79,1,VALVE WORLD EXPO 2026,normal,abgeleitet: Vergleichspreise normaler Tage + eigene Buchungen,freigeben,Saison 0.95; Wochentag 0.97; Event: VALVE WORLD EXPO 2026 (+5%); Nachfrageindex 0.97
2026-12-03,Donnerstag,89,79,1,VALVE WORLD EXPO 2026,normal,abgeleitet: Vergleichspreise normaler Tage + eigene Buchungen,freigeben,Saison 0.95; Wochentag 1.00; Event: VALVE WORLD EXPO 2026 (+2%); Nachfrageindex 0.96
2026-12-04,Freitag,99,89,2,Düsseldorfer Weihnachtsmarkt 2026,normal,abgeleitet: Vergleichspreise normaler Tage + eigene Buchungen,freigeben,Saison 0.95; Wochentag 1.06; Event: Düsseldorfer Weihnachtsmarkt 2026 (+5%); Nachfrageindex 1.06
2026-12-05,Samstag,99,89,2,Düsseldorfer Weihnachtsmarkt 2026,normal,abgeleitet: Vergleichspreise normaler Tage + eigene Buchungen,freigeben,Saison 0.95; Wochentag 1.08; Event: Düsseldorfer Weihnachtsmarkt 2026 (+5%); Nachfrageindex 1.08
2026-12-06,Sonntag,79,69,1,,niedrig,abgeleitet: Vergleichspreise normaler Tage + eigene Buchungen,freigeben,Saison 0.95; Wochentag 0.88; Nachfrageindex 0.84
2026-12-07,Montag,89,79,1,,niedrig,abgeleitet: Vergleichspreise normaler Tage + eigene Buchungen,freigeben,Saison 0.95; Wochentag 0.95; Nachfrageindex 0.90
2026-12-08,Dienstag,89,79,1,,niedrig,abgeleitet: Vergleichspreise normaler Tage + eigene Buchungen,freigeben,Saison 0.95; Wochentag 0.97; Nachfrageindex 0.92
2026-12-09,Mittwoch,89,79,1,,niedrig,abgeleitet: Vergleichspreise normaler Tage + eigene Buchungen,freigeben,Saison 0.95; Wochentag 0.97; Nachfrageindex 0.92
2026-12-10,Donnerstag,89,79,1,,normal,abgeleitet: Vergleichspreise normaler Tage + eigene Buchungen,freigeben,Saison 0.95; Wochentag 1.00; Nachfrageindex 0.95
2026-12-11,Freitag,99,89,2,Düsseldorfer Weihnachtsmarkt 2026,normal,abgeleitet: Vergleichspreise normaler Tage + eigene Buchungen,freigeben,Saison 0.95; Wochentag 1.06; Event: Düsseldorfer Weihnachtsmarkt 2026 (+5%); Nachfrageindex 1.06
2026-12-12,Samstag,99,89,2,Düsseldorfer Weihnachtsmarkt 2026,normal,abgeleitet: Vergleichspreise normaler Tage + eigene Buchungen,freigeben,Saison 0.95; Wochentag 1.08; Event: Düsseldorfer Weihnachtsmarkt 2026 (+5%); Nachfrageindex 1.08
2026-12-13,Sonntag,79,69,1,,niedrig,abgeleitet: Vergleichspreise normaler Tage + eigene Buchungen,freigeben,Saison 0.95; Wochentag 0.88; Nachfrageindex 0.84
2026-12-14,Montag,89,79,1,,niedrig,abgeleitet: Vergleichspreise normaler Tage + eigene Buchungen,freigeben,Saison 0.95; Wochentag 0.95; Nachfrageindex 0.90
2026-12-15,Dienstag,89,79,1,,niedrig,abgeleitet: Vergleichspreise normaler Tage + eigene Buchungen,freigeben,Saison 0.95; Wochentag 0.97; Nachfrageindex 0.92
2026-12-16,Mittwoch,89,79,1,,niedrig,abgeleitet: Vergleichspreise normaler Tage + eigene Buchungen,freigeben,Saison 0.95; Wochentag 0.97; Nachfrageindex 0.92
2026-12-17,Donnerstag,89,79,1,,normal,abgeleitet: Vergleichspreise normaler Tage + eigene Buchungen,freigeben,Saison 0.95; Wochentag 1.00; Nachfrageindex 0.95
2026-12-18,Freitag,99,89,2,Düsseldorfer Weihnachtsmarkt 2026,normal,abgeleitet: Vergleichspreise normaler Tage + eigene Buchungen,freigeben,Saison 0.95; Wochentag 1.06; Event: Düsseldorfer Weihnachtsmarkt 2026 (+5%); Nachfrageindex 1.06
2026-12-19,Samstag,99,89,2,Düsseldorfer Weihnachtsmarkt 2026,normal,abgeleitet: Vergleichspreise normaler Tage + eigene Buchungen,freigeben,Saison 0.95; Wochentag 1.08; Event: Düsseldorfer Weihnachtsmarkt 2026 (+5%); Nachfrageindex 1.08
2026-12-20,Sonntag,79,69,1,,niedrig,abgeleitet: Vergleichspreise normaler Tage + eigene Buchungen,freigeben,Saison 0.95; Wochentag 0.88; Nachfrageindex 0.84
2026-12-21,Montag,89,79,1,,niedrig,abgeleitet: Vergleichspreise normaler Tage + eigene Buchungen,freigeben,Saison 0.95; Wochentag 0.95; Nachfrageindex 0.90
2026-12-22,Dienstag,89,79,1,Weihnachten – Familienbesuche,normal,abgeleitet: Vergleichspreise normaler Tage + eigene Buchungen,freigeben,Saison 0.95; Wochentag 0.97; Event: Weihnachten – Familienbesuche (+5%); Nachfrageindex 0.97
2026-12-23,Mittwoch,89,79,1,Weihnachten – Familienbesuche,normal,abgeleitet: Vergleichspreise normaler Tage + eigene Buchungen,freigeben,Saison 0.95; Wochentag 0.97; Schulferien NRW (-3%); Event: Weihnachten – Familienbesuche (+5%); Nachfrageindex 0.94
2026-12-24,Donnerstag,79,69,1,Weihnachten – Familienbesuche,niedrig,abgeleitet: Vergleichspreise normaler Tage + eigene Buchungen,freigeben,Saison 0.95; Wochentag 1.00; Weihnachten (schwach) (-13%); Schulferien NRW (-3%); Event: Weihnachten – Familienbesuche (+5%); Nachfrageindex 0.87
2026-12-25,Freitag,89,79,2,Düsseldorfer Weihnachtsmarkt 2026 + Weihnachten – Familienbesuche + Broilers – Santa's Action Club,normal,abgeleitet: Vergleichspreise normaler Tage + eigene Buchungen,freigeben,Saison 0.95; Wochentag 1.06; Weihnachten (schwach) (-13%); Schulferien NRW (-3%); Event: Düsseldorfer Weihnachtsmarkt 2026 + Weihnachten – Familienbesuche + Broilers – Santa's Action Club (+9%); Nachfrageindex 0.95
2026-12-26,Samstag,109,99,2,Düsseldorfer Weihnachtsmarkt 2026 + Weihnachten – Familienbesuche,erhöht,abgeleitet: Vergleichspreise normaler Tage + eigene Buchungen,freigeben,Saison 0.95; Wochentag 1.08; Langes Wochenende (1. Weihnachtstag) (+5%); Schulferien NRW (-3%); Event: Düsseldorfer Weihnachtsmarkt 2026 + Weihnachten – Familienbesuche (+8%); Nachfrageindex 1.16
2026-12-27,Sonntag,79,69,1,Weihnachten – Familienbesuche,niedrig,abgeleitet: Vergleichspreise normaler Tage + eigene Buchungen,freigeben,Saison 0.95; Wochentag 0.88; Schulferien NRW (-3%); Event: Weihnachten – Familienbesuche (+5%); Nachfrageindex 0.85
2026-12-28,Montag,89,79,1,Weihnachten – Familienbesuche,niedrig,abgeleitet: Vergleichspreise normaler Tage + eigene Buchungen,freigeben,Saison 0.95; Wochentag 0.95; Schulferien NRW (-3%); Event: Weihnachten – Familienbesuche (+5%); Nachfrageindex 0.92
2026-12-29,Dienstag,89,79,1,,niedrig,abgeleitet: Vergleichspreise normaler Tage + eigene Buchungen,freigeben,Saison 0.95; Wochentag 0.97; Schulferien NRW (-3%); Nachfrageindex 0.89
2026-12-30,Mittwoch,109,99,1,Silvester,erhöht,Annahme: Event-Aufschlag ohne Vergleichspreise,freigeben,Saison 0.95; Wochentag 1.00; Schulferien NRW (-3%); Event: Silvester (+28%); Nachfrageindex 1.17
2026-12-31,Donnerstag,149,139,1,Silvester,hoch,Annahme: Event-Aufschlag ohne Vergleichspreise,freigeben,Saison 0.95; Wochentag 1.00; Langes Wochenende (Neujahr) (+5%); Schulferien NRW (-3%); Event: Silvester (+55%); Nachfrageindex 1.55
