Datum,Wochentag,Base Price,Recommended Price,Event,Event Impact,Demand Level,Begründung,Demand Index,Min Nights,Price Band,Lead-Time Factor,Quota Priority,Quota Recommendation,Airbnb Nightly Price
2026-10-06,Dienstag,99,169,Backstreet Boys – Homecoming Residency (Stadion),+55% (Tier A),hoch,"Saison 1.08; Wochentag 1.00; Event: Backstreet Boys – Homecoming Residency (Stadion) (+55%); Nachfrageindex 1.67; Vorlauf 0 T (+8%, Modus high); bereits gebucht (Auszahlung 66 EUR)",1.674,1,Event,1.08,,gebucht,159
2026-10-07,Mittwoch,99,169,Backstreet Boys – Homecoming Residency (Stadion),+55% (Tier A),hoch,"Saison 1.08; Wochentag 1.00; Event: Backstreet Boys – Homecoming Residency (Stadion) (+55%); Nachfrageindex 1.67; Vorlauf 1 T (+6%, Modus high); bereits gebucht (Auszahlung 66 EUR)",1.674,1,Event,1.06,,gebucht,159
2026-10-08,Donnerstag,99,99,Apache 207 (Konzert),+5% (Tier D),erhöht,"Saison 1.08; Wochentag 1.00; Event: Apache 207 (Konzert) (+5%); Nachfrageindex 1.13; Vorlauf 2 T (-12%, Modus normal)",1.134,1,Base,0.88,16,freigeben,89
2026-10-09,Freitag,99,99,,,erhöht,"Saison 1.08; Wochentag 1.06; Nachfrageindex 1.14; Vorlauf 3 T (-12%, Modus normal)",1.145,2,Base,0.88,14,freigeben,89
2026-10-10,Samstag,99,99,,,erhöht,"Saison 1.08; Wochentag 1.08; Nachfrageindex 1.17; Vorlauf 4 T (-8%, Modus normal)",1.166,2,Target,0.92,12,freigeben,89
2026-10-11,Sonntag,99,79,,,normal,"Saison 1.08; Wochentag 0.88; Nachfrageindex 0.95; Vorlauf 5 T (-8%, Modus normal)",0.950,1,Base,0.92,44,freigeben,69
2026-10-12,Montag,99,89,,,normal,"Saison 1.08; Wochentag 0.95; Nachfrageindex 1.03; Vorlauf 6 T (-8%, Modus normal)",1.026,1,Base,0.92,31,freigeben,79
2026-10-13,Dienstag,99,99,The Strokes (Konzert),+5% (Tier D),erhöht,"Saison 1.08; Wochentag 0.97; Event: The Strokes (Konzert) (+5%); Nachfrageindex 1.10; Vorlauf 7 T (-8%, Modus normal)",1.100,1,Base,0.92,22,freigeben,89
2026-10-14,Mittwoch,99,99,,,normal,"Saison 1.08; Wochentag 0.97; Nachfrageindex 1.05; Vorlauf 8 T (-2%, Modus normal)",1.048,1,Base,0.98,29,freigeben,89
2026-10-15,Donnerstag,99,109,The World of Hans Zimmer,+5% (Tier D),erhöht,"Saison 1.08; Wochentag 1.00; Event: The World of Hans Zimmer (+5%); Nachfrageindex 1.13; Vorlauf 9 T (-2%, Modus normal)",1.134,1,Target,0.98,17,freigeben,99
2026-10-16,Freitag,99,109,,,erhöht,"Saison 1.08; Wochentag 1.06; Nachfrageindex 1.14; Vorlauf 10 T (-2%, Modus normal)",1.145,2,Target,0.98,15,freigeben,99
2026-10-17,Samstag,99,109,Young Thug (Konzert),+5% (Tier D),erhöht,"Saison 1.08; Wochentag 1.08; Schulferien NRW (-3%); Event: Young Thug (Konzert) (+5%); Nachfrageindex 1.19; Vorlauf 11 T (-2%, Modus normal); Mindestaufenthalt auf 1 verkürzt (freie Lücke)",1.188,1,Target,0.98,9,freigeben,99
2026-10-18,Sonntag,99,79,,,niedrig,"Saison 1.08; Wochentag 0.88; Schulferien NRW (-3%); Nachfrageindex 0.92; Vorlauf 12 T (-6%, Modus low); bereits gebucht (Auszahlung unbekannt)",0.922,1,Base,0.94,,gebucht,69
2026-10-19,Montag,99,109,glasstec 2026,+20% (Tier B),erhöht,"Saison 1.08; Wochentag 0.95; Schulferien NRW (-3%); Event: glasstec 2026 (+20%); Nachfrageindex 1.19; Vorlauf 13 T (-2%, Modus normal); bereits gebucht (Auszahlung unbekannt)",1.194,1,Target,0.98,,gebucht,99
2026-10-20,Dienstag,99,119,glasstec 2026,+25% (Tier B),erhöht,"Saison 1.08; Wochentag 0.97; Schulferien NRW (-3%); Event: glasstec 2026 (+25%); Nachfrageindex 1.27; Vorlauf 14 T (-2%, Modus normal); bereits gebucht (Auszahlung unbekannt)",1.270,1,Target,0.98,,gebucht,109
2026-10-21,Mittwoch,99,119,glasstec 2026,+25% (Tier B),erhöht,Saison 1.08; Wochentag 0.97; Schulferien NRW (-3%); Event: glasstec 2026 (+25%); Nachfrageindex 1.27; bereits gebucht (Auszahlung unbekannt),1.270,1,Target,1.00,,gebucht,109
2026-10-22,Donnerstag,99,119,glasstec 2026,+25% (Tier B),hoch,Saison 1.08; Wochentag 1.00; Schulferien NRW (-3%); Event: glasstec 2026 (+25%); Nachfrageindex 1.31,1.310,1,Target,1.00,7,freigeben,109
2026-10-23,Freitag,99,109,glasstec 2026,+8% (Tier B),erhöht,Saison 1.08; Wochentag 1.06; Schulferien NRW (-3%); Event: glasstec 2026 (+8%); Nachfrageindex 1.19,1.194,2,Target,1.00,8,freigeben,99
2026-10-24,Samstag,99,109,Dimash Qudaibergen (Konzert),+5% (Tier D),erhöht,Saison 1.08; Wochentag 1.08; Schulferien NRW (-3%); Event: Dimash Qudaibergen (Konzert) (+5%); Nachfrageindex 1.19,1.188,2,Target,1.00,10,freigeben,99
2026-10-25,Sonntag,99,89,,,niedrig,"Saison 1.08; Wochentag 0.88; Schulferien NRW (-3%); Nachfrageindex 0.92; Vorlauf 19 T (-3%, Modus low)",0.922,1,Base,0.97,49,freigeben,79
2026-10-26,Montag,99,89,,,normal,Saison 1.08; Wochentag 0.95; Schulferien NRW (-3%); Nachfrageindex 1.00,0.995,1,Base,1.00,35,freigeben,79
2026-10-27,Dienstag,99,99,,,normal,Saison 1.08; Wochentag 0.97; Schulferien NRW (-3%); Nachfrageindex 1.02,1.016,1,Base,1.00,32,freigeben,89
2026-10-28,Mittwoch,99,99,,,normal,Saison 1.08; Wochentag 0.97; Schulferien NRW (-3%); Nachfrageindex 1.02,1.016,1,Base,1.00,33,freigeben,89
2026-10-29,Donnerstag,99,99,,,normal,Saison 1.08; Wochentag 1.00; Schulferien NRW (-3%); Nachfrageindex 1.05; Manuell gesetzt: Vergleichs-Median an diesem Datum 93 €; nur 1-Nacht-Aufenthalt möglich (Urlaub ab 30.10.),1.048,1,Base,1.00,30,freigeben,89
2026-10-30,Freitag,99,109,,,erhöht,Saison 1.08; Wochentag 1.06; Schulferien NRW (-3%); Nachfrageindex 1.11; blockiert (Urlaub) – nur als Gesamtzeitraum vermietbar,1.111,2,Target,1.00,,blockiert,99
2026-10-31,Samstag,99,109,,,erhöht,Saison 1.08; Wochentag 1.08; Vorabend Allerheiligen (+3%); Schulferien NRW (-3%); Nachfrageindex 1.20; blockiert (Urlaub) – nur als Gesamtzeitraum vermietbar,1.201,2,Target,1.00,,blockiert,99
2026-11-01,Sonntag,99,79,,,niedrig,"Saison 1.00; Wochentag 0.88; Allerheiligen (+0%); Nachfrageindex 0.88; Vorlauf 26 T (-3%, Modus low); blockiert (Urlaub) – nur als Gesamtzeitraum vermietbar",0.880,1,Base,0.97,,blockiert,69
2026-11-02,Montag,99,89,,,normal,Saison 1.00; Wochentag 0.95; Nachfrageindex 0.95; blockiert (Urlaub) – nur als Gesamtzeitraum vermietbar,0.950,1,Base,1.00,,blockiert,79
2026-11-03,Dienstag,99,89,,,normal,Saison 1.00; Wochentag 0.97; Nachfrageindex 0.97; blockiert (Urlaub) – nur als Gesamtzeitraum vermietbar,0.970,1,Base,1.00,,blockiert,79
2026-11-04,Mittwoch,99,89,,,normal,Saison 1.00; Wochentag 0.97; Nachfrageindex 0.97; blockiert (Urlaub) – nur als Gesamtzeitraum vermietbar,0.970,1,Base,1.00,,blockiert,79
2026-11-05,Donnerstag,99,99,Deutschland Cup (Eishockey),+5% (Tier D),normal,Saison 1.00; Wochentag 1.00; Event: Deutschland Cup (Eishockey) (+5%); Nachfrageindex 1.05; blockiert (Urlaub) – nur als Gesamtzeitraum vermietbar,1.050,1,Target,1.00,,blockiert,89
2026-11-06,Freitag,99,109,Deutschland Cup (Eishockey),+5% (Tier D),erhöht,Saison 1.00; Wochentag 1.06; Event: Deutschland Cup (Eishockey) (+5%); Nachfrageindex 1.11; blockiert (Urlaub) – nur als Gesamtzeitraum vermietbar,1.113,2,Target,1.00,,blockiert,99
2026-11-07,Samstag,99,109,Deutschland Cup (Eishockey),+5% (Tier D),erhöht,Saison 1.00; Wochentag 1.08; Event: Deutschland Cup (Eishockey) (+5%); Nachfrageindex 1.13; blockiert (Urlaub) – nur als Gesamtzeitraum vermietbar,1.134,2,Target,1.00,,blockiert,99
2026-11-08,Sonntag,99,89,Deutschland Cup (Eishockey),+5% (Tier D),niedrig,Saison 1.00; Wochentag 0.88; Event: Deutschland Cup (Eishockey) (+5%); Nachfrageindex 0.92; blockiert (Urlaub) – nur als Gesamtzeitraum vermietbar,0.924,1,Base,1.00,,blockiert,79
2026-11-09,Montag,99,89,,,normal,Saison 1.00; Wochentag 0.95; Nachfrageindex 0.95; blockiert (Urlaub) – nur als Gesamtzeitraum vermietbar,0.950,1,Base,1.00,,blockiert,79
2026-11-10,Dienstag,99,89,,,normal,Saison 1.00; Wochentag 0.97; Nachfrageindex 0.97; blockiert (Urlaub) – nur als Gesamtzeitraum vermietbar,0.970,1,Base,1.00,,blockiert,79
2026-11-11,Mittwoch,99,99,Karnevalsauftakt 11.11.,+12% (Tier C),erhöht,Saison 1.00; Wochentag 0.97; Event: Karnevalsauftakt 11.11. (+12%); Nachfrageindex 1.09; blockiert (Urlaub) – nur als Gesamtzeitraum vermietbar,1.086,1,Target,1.00,,blockiert,89
2026-11-12,Donnerstag,99,99,,,normal,Saison 1.00; Wochentag 1.00; Nachfrageindex 1.00; blockiert (Urlaub) – nur als Gesamtzeitraum vermietbar,1.000,1,Base,1.00,,blockiert,89
2026-11-13,Freitag,99,99,,,normal,Saison 1.00; Wochentag 1.06; Nachfrageindex 1.06; blockiert (Urlaub) – nur als Gesamtzeitraum vermietbar,1.060,2,Target,1.00,,blockiert,89
2026-11-14,Samstag,99,99,,,erhöht,Saison 1.00; Wochentag 1.08; Nachfrageindex 1.08; blockiert (Urlaub) – nur als Gesamtzeitraum vermietbar,1.080,2,Target,1.00,,blockiert,89
2026-11-15,Sonntag,99,189,MEDICA + COMPAMED 2026,+96% (Tier S),Spitze,Saison 1.00; Wochentag 1.00; Event: MEDICA + COMPAMED 2026 (+96%); Nachfrageindex 1.96,1.960,3,Event,1.00,4,freigeben,179
2026-11-16,Montag,99,209,MEDICA + COMPAMED 2026,+120% (Tier S),Spitze,Saison 1.00; Wochentag 1.00; Event: MEDICA + COMPAMED 2026 (+120%); Nachfrageindex 2.20,2.200,3,Event,1.00,1,freigeben,199
2026-11-17,Dienstag,99,209,MEDICA + COMPAMED 2026,+120% (Tier S),Spitze,Saison 1.00; Wochentag 1.00; Event: MEDICA + COMPAMED 2026 (+120%); Nachfrageindex 2.20,2.200,3,Event,1.00,2,freigeben,199
2026-11-18,Mittwoch,99,209,MEDICA + COMPAMED 2026,+120% (Tier S),Spitze,Saison 1.00; Wochentag 1.00; Event: MEDICA + COMPAMED 2026 (+120%); Nachfrageindex 2.20,2.200,3,Event,1.00,3,freigeben,199
2026-11-19,Donnerstag,99,129,MEDICA + COMPAMED 2026 + Tokio Hotel (Konzert),+38% (Tier S),hoch,Saison 1.00; Wochentag 1.00; Event: MEDICA + COMPAMED 2026 + Tokio Hotel (Konzert) (+38%); Nachfrageindex 1.39,1.385,3,High-Demand,1.00,6,freigeben,119
2026-11-20,Freitag,99,109,Düsseldorfer Weihnachtsmarkt 2026,+5% (Tier D),erhöht,Saison 1.00; Wochentag 1.06; Event: Düsseldorfer Weihnachtsmarkt 2026 (+5%); Nachfrageindex 1.11,1.113,2,Target,1.00,20,freigeben,99
2026-11-21,Samstag,99,109,Düsseldorfer Weihnachtsmarkt 2026,+5% (Tier D),erhöht,Saison 1.00; Wochentag 1.08; Event: Düsseldorfer Weihnachtsmarkt 2026 (+5%); Nachfrageindex 1.13,1.134,2,Target,1.00,18,freigeben,99
2026-11-22,Sonntag,99,79,,,niedrig,Saison 1.00; Wochentag 0.88; Nachfrageindex 0.88,0.880,1,Base,1.00,59,freigeben,69
2026-11-23,Montag,99,89,,,normal,Saison 1.00; Wochentag 0.95; Nachfrageindex 0.95,0.950,1,Base,1.00,45,freigeben,79
2026-11-24,Dienstag,99,89,,,normal,Saison 1.00; Wochentag 0.97; Nachfrageindex 0.97,0.970,1,Base,1.00,37,freigeben,79
2026-11-25,Mittwoch,99,89,,,normal,Saison 1.00; Wochentag 0.97; Nachfrageindex 0.97,0.970,1,Base,1.00,38,freigeben,79
2026-11-26,Donnerstag,99,99,,,normal,Saison 1.00; Wochentag 1.00; Nachfrageindex 1.00,1.000,1,Base,1.00,34,freigeben,89
2026-11-27,Freitag,99,109,Düsseldorfer Weihnachtsmarkt 2026,+5% (Tier D),erhöht,Saison 1.00; Wochentag 1.06; Event: Düsseldorfer Weihnachtsmarkt 2026 (+5%); Nachfrageindex 1.11,1.113,2,Target,1.00,21,freigeben,99
2026-11-28,Samstag,99,109,Düsseldorfer Weihnachtsmarkt 2026,+5% (Tier D),erhöht,Saison 1.00; Wochentag 1.08; Event: Düsseldorfer Weihnachtsmarkt 2026 (+5%); Nachfrageindex 1.13,1.134,2,Target,1.00,19,freigeben,99
2026-11-29,Sonntag,99,79,,,niedrig,Saison 1.00; Wochentag 0.88; Nachfrageindex 0.88,0.880,1,Base,1.00,60,freigeben,69
2026-11-30,Montag,99,89,VALVE WORLD EXPO 2026,+4% (Tier D),normal,Saison 1.00; Wochentag 0.95; Event: VALVE WORLD EXPO 2026 (+4%); Nachfrageindex 0.99,0.988,1,Base,1.00,36,freigeben,79
2026-12-01,Dienstag,99,89,VALVE WORLD EXPO 2026,+5% (Tier D),normal,Saison 0.95; Wochentag 0.97; Event: VALVE WORLD EXPO 2026 (+5%); Nachfrageindex 0.97,0.968,1,Base,1.00,39,freigeben,79
2026-12-02,Mittwoch,99,89,VALVE WORLD EXPO 2026,+5% (Tier D),normal,Saison 0.95; Wochentag 0.97; Event: VALVE WORLD EXPO 2026 (+5%); Nachfrageindex 0.97,0.968,1,Base,1.00,40,freigeben,79
2026-12-03,Donnerstag,99,89,VALVE WORLD EXPO 2026,+2% (Tier D),normal,Saison 0.95; Wochentag 1.00; Event: VALVE WORLD EXPO 2026 (+2%); Nachfrageindex 0.96,0.964,1,Base,1.00,42,freigeben,79
2026-12-04,Freitag,99,99,Düsseldorfer Weihnachtsmarkt 2026,+5% (Tier D),normal,Saison 0.95; Wochentag 1.06; Event: Düsseldorfer Weihnachtsmarkt 2026 (+5%); Nachfrageindex 1.06,1.057,2,Target,1.00,26,freigeben,89
2026-12-05,Samstag,99,99,Düsseldorfer Weihnachtsmarkt 2026,+5% (Tier D),normal,Saison 0.95; Wochentag 1.08; Event: Düsseldorfer Weihnachtsmarkt 2026 (+5%); Nachfrageindex 1.08,1.077,2,Target,1.00,23,freigeben,89
2026-12-06,Sonntag,99,79,,,niedrig,Saison 0.95; Wochentag 0.88; Nachfrageindex 0.84,0.836,1,Minimum,1.00,63,freigeben,69
2026-12-07,Montag,99,89,,,niedrig,Saison 0.95; Wochentag 0.95; Nachfrageindex 0.90,0.902,1,Base,1.00,55,freigeben,79
2026-12-08,Dienstag,99,89,,,niedrig,Saison 0.95; Wochentag 0.97; Nachfrageindex 0.92,0.921,1,Base,1.00,50,freigeben,79
2026-12-09,Mittwoch,99,89,,,niedrig,Saison 0.95; Wochentag 0.97; Nachfrageindex 0.92,0.921,1,Base,1.00,51,freigeben,79
2026-12-10,Donnerstag,99,89,,,normal,"Saison 0.95; Wochentag 1.00; Nachfrageindex 0.95; Vorlauf 65 T (+2%, Modus normal)",0.950,1,Base,1.02,46,freigeben,79
2026-12-11,Freitag,99,99,Düsseldorfer Weihnachtsmarkt 2026,+5% (Tier D),normal,"Saison 0.95; Wochentag 1.06; Event: Düsseldorfer Weihnachtsmarkt 2026 (+5%); Nachfrageindex 1.06; Vorlauf 66 T (+2%, Modus normal)",1.057,2,Target,1.02,27,freigeben,89
2026-12-12,Samstag,99,99,Düsseldorfer Weihnachtsmarkt 2026,+5% (Tier D),normal,"Saison 0.95; Wochentag 1.08; Event: Düsseldorfer Weihnachtsmarkt 2026 (+5%); Nachfrageindex 1.08; Vorlauf 67 T (+2%, Modus normal)",1.077,2,Target,1.02,24,freigeben,89
2026-12-13,Sonntag,99,79,,,niedrig,Saison 0.95; Wochentag 0.88; Nachfrageindex 0.84,0.836,1,Minimum,1.00,64,freigeben,69
2026-12-14,Montag,99,89,,,niedrig,Saison 0.95; Wochentag 0.95; Nachfrageindex 0.90,0.902,1,Base,1.00,56,freigeben,79
2026-12-15,Dienstag,99,89,,,niedrig,Saison 0.95; Wochentag 0.97; Nachfrageindex 0.92,0.921,1,Base,1.00,52,freigeben,79
2026-12-16,Mittwoch,99,89,,,niedrig,Saison 0.95; Wochentag 0.97; Nachfrageindex 0.92,0.921,1,Base,1.00,53,freigeben,79
2026-12-17,Donnerstag,99,89,,,normal,"Saison 0.95; Wochentag 1.00; Nachfrageindex 0.95; Vorlauf 72 T (+2%, Modus normal)",0.950,1,Base,1.02,47,freigeben,79
2026-12-18,Freitag,99,99,Düsseldorfer Weihnachtsmarkt 2026,+5% (Tier D),normal,"Saison 0.95; Wochentag 1.06; Event: Düsseldorfer Weihnachtsmarkt 2026 (+5%); Nachfrageindex 1.06; Vorlauf 73 T (+2%, Modus normal)",1.057,2,Target,1.02,28,freigeben,89
2026-12-19,Samstag,99,99,Düsseldorfer Weihnachtsmarkt 2026,+5% (Tier D),normal,"Saison 0.95; Wochentag 1.08; Event: Düsseldorfer Weihnachtsmarkt 2026 (+5%); Nachfrageindex 1.08; Vorlauf 74 T (+2%, Modus normal)",1.077,2,Target,1.02,25,freigeben,89
2026-12-20,Sonntag,99,79,,,niedrig,Saison 0.95; Wochentag 0.88; Nachfrageindex 0.84,0.836,1,Minimum,1.00,65,freigeben,69
2026-12-21,Montag,99,89,,,niedrig,Saison 0.95; Wochentag 0.95; Nachfrageindex 0.90,0.902,1,Base,1.00,57,freigeben,79
2026-12-22,Dienstag,99,89,Weihnachten – Familienbesuche,+5% (Tier D),normal,"Saison 0.95; Wochentag 0.97; Event: Weihnachten – Familienbesuche (+5%); Nachfrageindex 0.97; Vorlauf 77 T (+2%, Modus normal)",0.968,1,Base,1.02,41,freigeben,79
2026-12-23,Mittwoch,99,89,Weihnachten – Familienbesuche,+5% (Tier D),normal,"Saison 0.95; Wochentag 0.97; Schulferien NRW (-3%); Event: Weihnachten – Familienbesuche (+5%); Nachfrageindex 0.94; Vorlauf 78 T (+2%, Modus normal)",0.939,1,Base,1.02,48,freigeben,79
2026-12-24,Donnerstag,99,79,Weihnachten – Familienbesuche,+5% (Tier D),niedrig,Saison 0.95; Wochentag 1.00; Weihnachten (schwach) (-13%); Schulferien NRW (-3%); Event: Weihnachten – Familienbesuche (+5%); Nachfrageindex 0.87,0.868,1,Base,1.00,61,freigeben,69
2026-12-25,Freitag,99,89,Düsseldorfer Weihnachtsmarkt 2026 + Weihnachten – Familienbesuche + Broilers – Santa's Action Club,+9% (Tier D),normal,"Saison 0.95; Wochentag 1.06; Weihnachten (schwach) (-13%); Schulferien NRW (-3%); Event: Düsseldorfer Weihnachtsmarkt 2026 + Weihnachten – Familienbesuche + Broilers – Santa's Action Club (+9%); Nachfrageindex 0.95; Vorlauf 80 T (+2%, Modus normal)",0.953,2,Base,1.02,43,freigeben,79
2026-12-26,Samstag,99,109,Düsseldorfer Weihnachtsmarkt 2026 + Weihnachten – Familienbesuche,+8% (Tier D),erhöht,"Saison 0.95; Wochentag 1.08; Langes Wochenende (1. Weihnachtstag) (+5%); Schulferien NRW (-3%); Event: Düsseldorfer Weihnachtsmarkt 2026 + Weihnachten – Familienbesuche (+8%); Nachfrageindex 1.16; Vorlauf 81 T (+2%, Modus normal)",1.158,2,Target,1.02,13,freigeben,99
2026-12-27,Sonntag,99,79,Weihnachten – Familienbesuche,+5% (Tier D),niedrig,Saison 0.95; Wochentag 0.88; Schulferien NRW (-3%); Event: Weihnachten – Familienbesuche (+5%); Nachfrageindex 0.85,0.852,1,Base,1.00,62,freigeben,69
2026-12-28,Montag,99,89,Weihnachten – Familienbesuche,+5% (Tier D),niedrig,Saison 0.95; Wochentag 0.95; Schulferien NRW (-3%); Event: Weihnachten – Familienbesuche (+5%); Nachfrageindex 0.92,0.919,1,Base,1.00,54,freigeben,79
2026-12-29,Dienstag,99,89,,,niedrig,Saison 0.95; Wochentag 0.97; Schulferien NRW (-3%); Nachfrageindex 0.89,0.894,1,Base,1.00,58,freigeben,79
2026-12-30,Mittwoch,99,109,Silvester,+28% (Tier A),erhöht,"Saison 0.95; Wochentag 1.00; Schulferien NRW (-3%); Event: Silvester (+28%); Nachfrageindex 1.17; Vorlauf 85 T (+2%, Modus normal)",1.175,1,Target,1.02,11,freigeben,99
2026-12-31,Donnerstag,99,149,Silvester,+55% (Tier A),hoch,"Saison 0.95; Wochentag 1.00; Langes Wochenende (Neujahr) (+5%); Schulferien NRW (-3%); Event: Silvester (+55%); Nachfrageindex 1.55; Vorlauf 86 T (+5%, Modus high)",1.546,1,High-Demand,1.05,5,freigeben,139
2027-01-01,Freitag,99,99,,,normal,"Saison 0.88; Wochentag 1.06; Langes Wochenende (Neujahr) (+5%); Schulferien NRW (-3%); Nachfrageindex 0.98; Vorlauf 87 T (+2%, Modus normal)",0.979,2,Base,1.02,,geschlossen,89
2027-01-02,Samstag,99,99,,,normal,"Saison 0.88; Wochentag 1.08; Langes Wochenende (Neujahr) (+5%); Schulferien NRW (-3%); Nachfrageindex 1.00; Vorlauf 88 T (+2%, Modus normal)",0.998,2,Base,1.02,,geschlossen,89
2027-01-03,Sonntag,99,79,,,niedrig,Saison 0.88; Wochentag 0.88; Schulferien NRW (-3%); Nachfrageindex 0.75,0.751,1,Minimum,1.00,,geschlossen,69
2027-01-04,Montag,99,79,,,niedrig,Saison 0.88; Wochentag 0.95; Schulferien NRW (-3%); Nachfrageindex 0.81,0.811,1,Minimum,1.00,,geschlossen,69
2027-01-05,Dienstag,99,79,,,niedrig,Saison 0.88; Wochentag 0.97; Schulferien NRW (-3%); Nachfrageindex 0.83,0.828,1,Minimum,1.00,,geschlossen,69
2027-01-06,Mittwoch,99,79,,,niedrig,Saison 0.88; Wochentag 0.97; Schulferien NRW (-3%); Nachfrageindex 0.83,0.828,1,Minimum,1.00,,geschlossen,69
2027-01-07,Donnerstag,99,79,,,niedrig,Saison 0.88; Wochentag 1.00; Nachfrageindex 0.88,0.880,1,Base,1.00,,geschlossen,69
2027-01-08,Freitag,99,89,,,normal,"Saison 0.88; Wochentag 1.06; Nachfrageindex 0.93; Vorlauf 94 T (+4%, Modus normal)",0.933,2,Base,1.04,,geschlossen,79
2027-01-09,Samstag,99,89,,,normal,"Saison 0.88; Wochentag 1.08; Nachfrageindex 0.95; Vorlauf 95 T (+4%, Modus normal)",0.950,2,Base,1.04,,geschlossen,79
2027-01-10,Sonntag,99,79,,,niedrig,Saison 0.88; Wochentag 0.88; Nachfrageindex 0.77,0.774,1,Minimum,1.00,,geschlossen,69
2027-01-11,Montag,99,79,,,niedrig,Saison 0.88; Wochentag 0.95; Nachfrageindex 0.84,0.836,1,Minimum,1.00,,geschlossen,69
2027-01-12,Dienstag,99,79,,,niedrig,Saison 0.88; Wochentag 0.97; Nachfrageindex 0.85,0.854,1,Base,1.00,,geschlossen,69
2027-01-13,Mittwoch,99,79,,,niedrig,Saison 0.88; Wochentag 0.97; Nachfrageindex 0.85,0.854,1,Base,1.00,,geschlossen,69
2027-01-14,Donnerstag,99,79,,,niedrig,Saison 0.88; Wochentag 1.00; Nachfrageindex 0.88,0.880,1,Base,1.00,,geschlossen,69
2027-01-15,Freitag,99,89,,,normal,"Saison 0.88; Wochentag 1.06; Nachfrageindex 0.93; Vorlauf 101 T (+4%, Modus normal)",0.933,2,Base,1.04,,geschlossen,79
2027-01-16,Samstag,99,89,,,normal,"Saison 0.88; Wochentag 1.08; Nachfrageindex 0.95; Vorlauf 102 T (+4%, Modus normal)",0.950,2,Base,1.04,,geschlossen,79
2027-01-17,Sonntag,99,79,,,niedrig,Saison 0.88; Wochentag 0.88; Nachfrageindex 0.77,0.774,1,Minimum,1.00,,geschlossen,69
2027-01-18,Montag,99,79,,,niedrig,Saison 0.88; Wochentag 0.95; Nachfrageindex 0.84,0.836,1,Minimum,1.00,,geschlossen,69
2027-01-19,Dienstag,99,79,,,niedrig,Saison 0.88; Wochentag 0.97; Nachfrageindex 0.85,0.854,1,Base,1.00,,geschlossen,69
2027-01-20,Mittwoch,99,79,,,niedrig,Saison 0.88; Wochentag 0.97; Nachfrageindex 0.85,0.854,1,Base,1.00,,geschlossen,69
2027-01-21,Donnerstag,99,79,,,niedrig,Saison 0.88; Wochentag 1.00; Nachfrageindex 0.88,0.880,1,Base,1.00,,geschlossen,69
2027-01-22,Freitag,99,109,boot Düsseldorf 2027,+20% (Tier B),erhöht,"Saison 0.88; Wochentag 1.06; Event: boot Düsseldorf 2027 (+20%); Nachfrageindex 1.12; Vorlauf 108 T (+4%, Modus normal)",1.119,2,Target,1.04,40,freigeben,99
2027-01-23,Samstag,99,119,boot Düsseldorf 2027,+25% (Tier B),erhöht,"Saison 0.88; Wochentag 1.08; Event: boot Düsseldorf 2027 (+25%); Nachfrageindex 1.19; Vorlauf 109 T (+4%, Modus normal)",1.188,2,Target,1.04,30,freigeben,109
2027-01-24,Sonntag,99,99,boot Düsseldorf 2027,+25% (Tier B),normal,"Saison 0.88; Wochentag 0.88; Event: boot Düsseldorf 2027 (+25%); Nachfrageindex 0.97; Vorlauf 110 T (+4%, Modus normal)",0.968,1,Base,1.04,95,freigeben,89
2027-01-25,Montag,99,99,boot Düsseldorf 2027,+25% (Tier B),normal,"Saison 0.88; Wochentag 0.95; Event: boot Düsseldorf 2027 (+25%); Nachfrageindex 1.04; Vorlauf 111 T (+4%, Modus normal)",1.045,1,Target,1.04,64,freigeben,89
2027-01-26,Dienstag,99,109,boot Düsseldorf 2027,+25% (Tier B),normal,"Saison 0.88; Wochentag 0.97; Event: boot Düsseldorf 2027 (+25%); Nachfrageindex 1.07; Vorlauf 112 T (+4%, Modus normal)",1.067,1,Target,1.04,57,freigeben,99
2027-01-27,Mittwoch,99,109,boot Düsseldorf 2027,+25% (Tier B),normal,"Saison 0.88; Wochentag 0.97; Event: boot Düsseldorf 2027 (+25%); Nachfrageindex 1.07; Vorlauf 113 T (+4%, Modus normal)",1.067,1,Target,1.04,58,freigeben,99
2027-01-28,Donnerstag,99,109,boot Düsseldorf 2027,+25% (Tier B),erhöht,"Saison 0.88; Wochentag 1.00; Event: boot Düsseldorf 2027 (+25%); Nachfrageindex 1.10; Vorlauf 114 T (+4%, Modus normal)",1.100,1,Target,1.04,49,freigeben,99
2027-01-29,Freitag,99,119,boot Düsseldorf 2027,+25% (Tier B),erhöht,"Saison 0.88; Wochentag 1.06; Event: boot Düsseldorf 2027 (+25%); Nachfrageindex 1.17; Vorlauf 115 T (+4%, Modus normal)",1.166,2,Target,1.04,34,freigeben,109
2027-01-30,Samstag,99,119,boot Düsseldorf 2027,+25% (Tier B),erhöht,"Saison 0.88; Wochentag 1.08; Event: boot Düsseldorf 2027 (+25%); Nachfrageindex 1.19; Vorlauf 116 T (+4%, Modus normal)",1.188,2,Target,1.04,31,freigeben,109
2027-01-31,Sonntag,99,79,boot Düsseldorf 2027,+8% (Tier B),niedrig,Saison 0.88; Wochentag 0.88; Event: boot Düsseldorf 2027 (+8%); Nachfrageindex 0.83,0.833,1,Minimum,1.00,141,freigeben,69
2027-02-01,Montag,99,79,,,niedrig,Saison 0.92; Wochentag 0.95; Nachfrageindex 0.87,0.874,1,Base,1.00,,geschlossen,69
2027-02-02,Dienstag,99,89,,,niedrig,Saison 0.92; Wochentag 0.97; Nachfrageindex 0.89,0.892,1,Base,1.00,,geschlossen,79
2027-02-03,Mittwoch,99,109,Straßenkarneval (Weiberfastnacht bis Rosenmontag),+16% (Tier A),normal,"Saison 0.92; Wochentag 1.00; Event: Straßenkarneval (Weiberfastnacht bis Rosenmontag) (+16%); Nachfrageindex 1.07; Vorlauf 120 T (+4%, Modus normal)",1.072,1,Target,1.04,55,freigeben,99
2027-02-04,Donnerstag,99,149,Straßenkarneval (Weiberfastnacht bis Rosenmontag),+55% (Tier A),hoch,"Saison 0.92; Wochentag 1.00; Event: Straßenkarneval (Weiberfastnacht bis Rosenmontag) (+55%); Nachfrageindex 1.43; Vorlauf 121 T (+10%, Modus high)",1.426,1,High-Demand,1.10,14,freigeben,139
2027-02-05,Freitag,99,159,Straßenkarneval (Weiberfastnacht bis Rosenmontag),+55% (Tier A),hoch,"Saison 0.92; Wochentag 1.06; Event: Straßenkarneval (Weiberfastnacht bis Rosenmontag) (+55%); Nachfrageindex 1.51; Vorlauf 122 T (+10%, Modus high)",1.512,2,High-Demand,1.10,11,freigeben,149
2027-02-06,Samstag,99,159,Straßenkarneval (Weiberfastnacht bis Rosenmontag),+55% (Tier A),hoch,"Saison 0.92; Wochentag 1.08; Event: Straßenkarneval (Weiberfastnacht bis Rosenmontag) (+55%); Nachfrageindex 1.54; Vorlauf 123 T (+10%, Modus high)",1.540,2,High-Demand,1.10,9,freigeben,149
2027-02-07,Sonntag,99,149,Straßenkarneval (Weiberfastnacht bis Rosenmontag),+55% (Tier A),hoch,"Saison 0.92; Wochentag 1.00; Event: Straßenkarneval (Weiberfastnacht bis Rosenmontag) (+55%); Nachfrageindex 1.43; Vorlauf 124 T (+10%, Modus high)",1.426,1,High-Demand,1.10,15,freigeben,139
2027-02-08,Montag,99,119,Straßenkarneval (Weiberfastnacht bis Rosenmontag),+28% (Tier A),erhöht,"Saison 0.92; Wochentag 1.00; Event: Straßenkarneval (Weiberfastnacht bis Rosenmontag) (+28%); Nachfrageindex 1.17; Vorlauf 125 T (+4%, Modus normal)",1.173,1,Target,1.04,33,freigeben,109
2027-02-09,Dienstag,99,89,,,niedrig,Saison 0.92; Wochentag 0.97; Nachfrageindex 0.89,0.892,1,Base,1.00,,geschlossen,79
2027-02-10,Mittwoch,99,89,,,niedrig,Saison 0.92; Wochentag 0.97; Nachfrageindex 0.89,0.892,1,Base,1.00,,geschlossen,79
2027-02-11,Donnerstag,99,89,,,niedrig,Saison 0.92; Wochentag 1.00; Nachfrageindex 0.92,0.920,1,Base,1.00,,geschlossen,79
2027-02-12,Freitag,99,99,,,normal,"Saison 0.92; Wochentag 1.06; Nachfrageindex 0.98; Vorlauf 129 T (+4%, Modus normal)",0.975,2,Base,1.04,,geschlossen,89
2027-02-13,Samstag,99,99,,,normal,"Saison 0.92; Wochentag 1.08; Nachfrageindex 0.99; Vorlauf 130 T (+4%, Modus normal)",0.994,2,Base,1.04,,geschlossen,89
2027-02-14,Sonntag,99,79,,,niedrig,Saison 0.92; Wochentag 0.88; Nachfrageindex 0.81,0.810,1,Minimum,1.00,,geschlossen,69
2027-02-15,Montag,99,89,EuroCIS 2027,+10% (Tier C),normal,"Saison 0.92; Wochentag 0.95; Event: EuroCIS 2027 (+10%); Nachfrageindex 0.96; Vorlauf 132 T (+4%, Modus normal)",0.958,1,Base,1.04,,geschlossen,79
2027-02-16,Dienstag,99,99,EuroCIS 2027,+12% (Tier C),normal,"Saison 0.92; Wochentag 0.97; Event: EuroCIS 2027 (+12%); Nachfrageindex 1.00; Vorlauf 133 T (+4%, Modus normal)",1.000,1,Base,1.04,,geschlossen,89
2027-02-17,Mittwoch,99,99,EuroCIS 2027,+12% (Tier C),normal,"Saison 0.92; Wochentag 0.97; Event: EuroCIS 2027 (+12%); Nachfrageindex 1.00; Vorlauf 134 T (+4%, Modus normal)",1.000,1,Base,1.04,,geschlossen,89
2027-02-18,Donnerstag,99,89,EuroCIS 2027,+4% (Tier C),normal,"Saison 0.92; Wochentag 1.00; Event: EuroCIS 2027 (+4%); Nachfrageindex 0.95; Vorlauf 135 T (+4%, Modus normal)",0.953,1,Base,1.04,,geschlossen,79
2027-02-19,Freitag,99,99,,,normal,"Saison 0.92; Wochentag 1.06; Nachfrageindex 0.98; Vorlauf 136 T (+4%, Modus normal)",0.975,2,Base,1.04,,geschlossen,89
2027-02-20,Samstag,99,99,,,normal,"Saison 0.92; Wochentag 1.08; Nachfrageindex 0.99; Vorlauf 137 T (+4%, Modus normal)",0.994,2,Base,1.04,,geschlossen,89
2027-02-21,Sonntag,99,79,,,niedrig,Saison 0.92; Wochentag 0.88; Nachfrageindex 0.81,0.810,1,Minimum,1.00,,geschlossen,69
2027-02-22,Montag,99,79,,,niedrig,Saison 0.92; Wochentag 0.95; Nachfrageindex 0.87,0.874,1,Base,1.00,,geschlossen,69
2027-02-23,Dienstag,99,89,,,niedrig,Saison 0.92; Wochentag 0.97; Nachfrageindex 0.89,0.892,1,Base,1.00,,geschlossen,79
2027-02-24,Mittwoch,99,89,,,niedrig,Saison 0.92; Wochentag 0.97; Nachfrageindex 0.89,0.892,1,Base,1.00,,geschlossen,79
2027-02-25,Donnerstag,99,89,,,niedrig,Saison 0.92; Wochentag 1.00; Nachfrageindex 0.92,0.920,1,Base,1.00,,geschlossen,79
2027-02-26,Freitag,99,99,,,normal,"Saison 0.92; Wochentag 1.06; Nachfrageindex 0.98; Vorlauf 143 T (+4%, Modus normal)",0.975,2,Base,1.04,,geschlossen,89
2027-02-27,Samstag,99,99,,,normal,"Saison 0.92; Wochentag 1.08; Nachfrageindex 0.99; Vorlauf 144 T (+4%, Modus normal)",0.994,2,Base,1.04,,geschlossen,89
2027-02-28,Sonntag,99,79,,,niedrig,Saison 0.92; Wochentag 0.88; Nachfrageindex 0.81,0.810,1,Minimum,1.00,,geschlossen,69
2027-03-01,Montag,99,89,,,normal,"Saison 1.00; Wochentag 0.95; Nachfrageindex 0.95; Vorlauf 146 T (+4%, Modus normal)",0.950,1,Base,1.04,,geschlossen,79
2027-03-02,Dienstag,99,99,,,normal,"Saison 1.00; Wochentag 0.97; Nachfrageindex 0.97; Vorlauf 147 T (+4%, Modus normal)",0.970,1,Base,1.04,,geschlossen,89
2027-03-03,Mittwoch,99,99,,,normal,"Saison 1.00; Wochentag 0.97; Nachfrageindex 0.97; Vorlauf 148 T (+4%, Modus normal)",0.970,1,Base,1.04,,geschlossen,89
2027-03-04,Donnerstag,99,99,,,normal,"Saison 1.00; Wochentag 1.00; Nachfrageindex 1.00; Vorlauf 149 T (+4%, Modus normal)",1.000,1,Base,1.04,,geschlossen,89
2027-03-05,Freitag,99,109,Disney on Ice,+5% (Tier D),erhöht,"Saison 1.00; Wochentag 1.06; Event: Disney on Ice (+5%); Nachfrageindex 1.11; Vorlauf 150 T (+4%, Modus normal)",1.113,2,Target,1.04,,geschlossen,99
2027-03-06,Samstag,99,169,ProWein 2027 + Disney on Ice,+47% (Tier A),hoch,"Saison 1.00; Wochentag 1.08; Event: ProWein 2027 + Disney on Ice (+47%); Nachfrageindex 1.58; Vorlauf 151 T (+10%, Modus high)",1.582,2,Event,1.10,5,freigeben,159
2027-03-07,Sonntag,99,159,ProWein 2027 + Disney on Ice,+58% (Tier A),hoch,"Saison 1.00; Wochentag 1.00; Event: ProWein 2027 + Disney on Ice (+58%); Nachfrageindex 1.57; Vorlauf 152 T (+10%, Modus high)",1.575,1,Event,1.10,6,freigeben,149
2027-03-08,Montag,99,159,ProWein 2027,+55% (Tier A),hoch,"Saison 1.00; Wochentag 1.00; Event: ProWein 2027 (+55%); Nachfrageindex 1.55; Vorlauf 153 T (+10%, Modus high)",1.550,1,Event,1.10,8,freigeben,149
2027-03-09,Dienstag,99,119,ProWein 2027,+16% (Tier A),erhöht,"Saison 1.00; Wochentag 1.00; Event: ProWein 2027 (+16%); Nachfrageindex 1.17; Vorlauf 154 T (+4%, Modus normal)",1.165,1,Target,1.04,35,freigeben,109
2027-03-10,Mittwoch,99,99,,,normal,"Saison 1.00; Wochentag 0.97; Nachfrageindex 0.97; Vorlauf 155 T (+4%, Modus normal)",0.970,1,Base,1.04,,geschlossen,89
2027-03-11,Donnerstag,99,99,,,normal,"Saison 1.00; Wochentag 1.00; Nachfrageindex 1.00; Vorlauf 156 T (+4%, Modus normal)",1.000,1,Base,1.04,,geschlossen,89
2027-03-12,Freitag,99,99,,,normal,"Saison 1.00; Wochentag 1.06; Nachfrageindex 1.06; Vorlauf 157 T (+4%, Modus normal)",1.060,2,Target,1.04,,geschlossen,89
2027-03-13,Samstag,99,109,,,erhöht,"Saison 1.00; Wochentag 1.08; Nachfrageindex 1.08; Vorlauf 158 T (+4%, Modus normal)",1.080,2,Target,1.04,,geschlossen,99
2027-03-14,Sonntag,99,79,,,niedrig,Saison 1.00; Wochentag 0.88; Nachfrageindex 0.88,0.880,1,Base,1.00,,geschlossen,69
2027-03-15,Montag,99,99,IDS 2027 (Köln),+10% (Tier C),normal,"Saison 1.00; Wochentag 0.95; Event: IDS 2027 (Köln) (+10%); Nachfrageindex 1.04; Vorlauf 160 T (+4%, Modus normal)",1.041,1,Target,1.04,,geschlossen,89
2027-03-16,Dienstag,99,109,IDS 2027 (Köln),+12% (Tier C),erhöht,"Saison 1.00; Wochentag 0.97; Event: IDS 2027 (Köln) (+12%); Nachfrageindex 1.09; Vorlauf 161 T (+4%, Modus normal)",1.086,1,Target,1.04,,geschlossen,99
2027-03-17,Mittwoch,99,109,IDS 2027 (Köln),+12% (Tier C),erhöht,"Saison 1.00; Wochentag 0.97; Event: IDS 2027 (Köln) (+12%); Nachfrageindex 1.09; Vorlauf 162 T (+4%, Modus normal)",1.086,1,Target,1.04,,geschlossen,99
2027-03-18,Donnerstag,99,109,IDS 2027 (Köln),+12% (Tier C),erhöht,"Saison 1.00; Wochentag 1.00; Event: IDS 2027 (Köln) (+12%); Nachfrageindex 1.12; Vorlauf 163 T (+4%, Modus normal)",1.120,1,Target,1.04,,geschlossen,99
2027-03-19,Freitag,99,119,IDS 2027 (Köln),+12% (Tier C),erhöht,"Saison 1.00; Wochentag 1.06; Event: IDS 2027 (Köln) (+12%); Nachfrageindex 1.19; Vorlauf 164 T (+4%, Modus normal)",1.187,2,Target,1.04,,geschlossen,109
2027-03-20,Samstag,99,109,IDS 2027 (Köln),+4% (Tier C),erhöht,"Saison 1.00; Wochentag 1.08; Event: IDS 2027 (Köln) (+4%); Nachfrageindex 1.12; Vorlauf 165 T (+4%, Modus normal)",1.119,2,Target,1.04,,geschlossen,99
2027-03-21,Sonntag,99,79,,,niedrig,Saison 1.00; Wochentag 0.88; Nachfrageindex 0.88,0.880,1,Base,1.00,,geschlossen,69
2027-03-22,Montag,99,89,,,niedrig,Saison 1.00; Wochentag 0.95; Schulferien NRW (-3%); Nachfrageindex 0.92,0.921,1,Base,1.00,,geschlossen,79
2027-03-23,Dienstag,99,89,,,normal,"Saison 1.00; Wochentag 0.97; Schulferien NRW (-3%); Nachfrageindex 0.94; Vorlauf 168 T (+4%, Modus normal)",0.941,1,Base,1.04,,geschlossen,79
2027-03-24,Mittwoch,99,89,,,normal,"Saison 1.00; Wochentag 0.97; Schulferien NRW (-3%); Nachfrageindex 0.94; Vorlauf 169 T (+4%, Modus normal)",0.941,1,Base,1.04,,geschlossen,79
2027-03-25,Donnerstag,99,99,,,normal,"Saison 1.00; Wochentag 1.00; Langes Wochenende (Karfreitag) (+5%); Schulferien NRW (-3%); Nachfrageindex 1.05; Vorlauf 170 T (+4%, Modus normal)",1.050,1,Target,1.04,,geschlossen,89
2027-03-26,Freitag,99,109,,,erhöht,"Saison 1.00; Wochentag 1.06; Langes Wochenende (Karfreitag) (+5%); Schulferien NRW (-3%); Nachfrageindex 1.11; Vorlauf 171 T (+4%, Modus normal)",1.113,2,Target,1.04,,geschlossen,99
2027-03-27,Samstag,99,109,,,erhöht,"Saison 1.00; Wochentag 1.08; Langes Wochenende (Karfreitag) (+5%); Schulferien NRW (-3%); Nachfrageindex 1.13; Vorlauf 172 T (+4%, Modus normal)",1.134,2,Target,1.04,,geschlossen,99
2027-03-28,Sonntag,99,89,,,niedrig,Saison 1.00; Wochentag 0.88; Langes Wochenende (Ostermontag) (+5%); Schulferien NRW (-3%); Nachfrageindex 0.92,0.924,1,Base,1.00,,geschlossen,79
2027-03-29,Montag,99,89,,,niedrig,Saison 1.00; Wochentag 0.95; Ostermontag (-3%); Schulferien NRW (-3%); Nachfrageindex 0.92,0.921,1,Base,1.00,,geschlossen,79
2027-03-30,Dienstag,99,89,,,normal,"Saison 1.00; Wochentag 0.97; Schulferien NRW (-3%); Nachfrageindex 0.94; Vorlauf 175 T (+4%, Modus normal)",0.941,1,Base,1.04,,geschlossen,79
2027-03-31,Mittwoch,99,89,,,normal,"Saison 1.00; Wochentag 0.97; Schulferien NRW (-3%); Nachfrageindex 0.94; Vorlauf 176 T (+4%, Modus normal)",0.941,1,Base,1.04,,geschlossen,79
2027-04-01,Donnerstag,99,99,,,normal,"Saison 1.02; Wochentag 1.00; Schulferien NRW (-3%); Nachfrageindex 0.99; Vorlauf 177 T (+4%, Modus normal)",0.989,1,Base,1.04,,geschlossen,89
2027-04-02,Freitag,99,99,,,normal,"Saison 1.02; Wochentag 1.06; Schulferien NRW (-3%); Nachfrageindex 1.05; Vorlauf 178 T (+4%, Modus normal)",1.049,2,Target,1.04,,geschlossen,89
2027-04-03,Samstag,99,109,,,normal,"Saison 1.02; Wochentag 1.08; Schulferien NRW (-3%); Nachfrageindex 1.07; Vorlauf 179 T (+4%, Modus normal)",1.069,2,Target,1.04,,geschlossen,99
2027-04-04,Sonntag,99,89,,,niedrig,Saison 1.02; Wochentag 0.88; Nachfrageindex 0.90,0.898,1,Base,1.00,,geschlossen,79
2027-04-05,Montag,99,99,,,normal,"Saison 1.02; Wochentag 0.95; Nachfrageindex 0.97; Vorlauf 181 T (+4%, Modus normal)",0.969,1,Base,1.04,,geschlossen,89
2027-04-06,Dienstag,99,99,,,normal,"Saison 1.02; Wochentag 0.97; Nachfrageindex 0.99; Vorlauf 182 T (+4%, Modus normal)",0.989,1,Base,1.04,,geschlossen,89
2027-04-07,Mittwoch,99,99,FIBO 2027 (Köln),+4% (Tier D),normal,"Saison 1.02; Wochentag 0.97; Event: FIBO 2027 (Köln) (+4%); Nachfrageindex 1.03; Vorlauf 183 T (+4%, Modus normal)",1.029,1,Target,1.04,,geschlossen,89
2027-04-08,Donnerstag,99,119,BEAUTY DÜSSELDORF + TOP HAIR 2027 + FIBO 2027 (Köln),+22% (Tier B),erhöht,"Saison 1.02; Wochentag 1.00; Event: BEAUTY DÜSSELDORF + TOP HAIR 2027 + FIBO 2027 (Köln) (+22%); Nachfrageindex 1.25; Vorlauf 184 T (+4%, Modus normal)",1.250,1,Target,1.04,26,freigeben,109
2027-04-09,Freitag,99,139,BEAUTY DÜSSELDORF + TOP HAIR 2027 + FIBO 2027 (Köln),+28% (Tier B),hoch,"Saison 1.02; Wochentag 1.06; Event: BEAUTY DÜSSELDORF + TOP HAIR 2027 + FIBO 2027 (Köln) (+28%); Nachfrageindex 1.38; Vorlauf 185 T (+10%, Modus high)",1.379,2,High-Demand,1.10,20,freigeben,129
2027-04-10,Samstag,99,149,BEAUTY DÜSSELDORF + TOP HAIR 2027 + FIBO 2027 (Köln),+28% (Tier B),hoch,"Saison 1.02; Wochentag 1.08; Event: BEAUTY DÜSSELDORF + TOP HAIR 2027 + FIBO 2027 (Köln) (+28%); Nachfrageindex 1.40; Vorlauf 186 T (+10%, Modus high)",1.405,2,High-Demand,1.10,18,freigeben,139
2027-04-11,Sonntag,99,99,BEAUTY DÜSSELDORF + TOP HAIR 2027 + FIBO 2027 (Köln),+8% (Tier B),normal,"Saison 1.02; Wochentag 0.88; Event: BEAUTY DÜSSELDORF + TOP HAIR 2027 + FIBO 2027 (Köln) (+8%); Nachfrageindex 0.97; Vorlauf 187 T (+4%, Modus normal)",0.972,1,Base,1.04,93,freigeben,89
2027-04-12,Montag,99,99,,,normal,"Saison 1.02; Wochentag 0.95; Nachfrageindex 0.97; Vorlauf 188 T (+4%, Modus normal)",0.969,1,Base,1.04,,geschlossen,89
2027-04-13,Dienstag,99,99,,,normal,"Saison 1.02; Wochentag 0.97; Nachfrageindex 0.99; Vorlauf 189 T (+4%, Modus normal)",0.989,1,Base,1.04,,geschlossen,89
2027-04-14,Mittwoch,99,99,,,normal,"Saison 1.02; Wochentag 0.97; Nachfrageindex 0.99; Vorlauf 190 T (+4%, Modus normal)",0.989,1,Base,1.04,,geschlossen,89
2027-04-15,Donnerstag,99,99,,,normal,"Saison 1.02; Wochentag 1.00; Nachfrageindex 1.02; Vorlauf 191 T (+4%, Modus normal)",1.020,1,Target,1.04,,geschlossen,89
2027-04-16,Freitag,99,109,,,erhöht,"Saison 1.02; Wochentag 1.06; Nachfrageindex 1.08; Vorlauf 192 T (+4%, Modus normal)",1.081,2,Target,1.04,,geschlossen,99
2027-04-17,Samstag,99,119,Uniper Düsseldorf Marathon,+12% (Tier C),erhöht,"Saison 1.02; Wochentag 1.08; Event: Uniper Düsseldorf Marathon (+12%); Nachfrageindex 1.23; Vorlauf 193 T (+4%, Modus normal)",1.234,2,Target,1.04,,geschlossen,109
2027-04-18,Sonntag,99,89,,,niedrig,Saison 1.02; Wochentag 0.88; Nachfrageindex 0.90,0.898,1,Base,1.00,,geschlossen,79
2027-04-19,Montag,99,99,,,normal,"Saison 1.02; Wochentag 0.95; Nachfrageindex 0.97; Vorlauf 195 T (+4%, Modus normal)",0.969,1,Base,1.04,,geschlossen,89
2027-04-20,Dienstag,99,99,,,normal,"Saison 1.02; Wochentag 0.97; Nachfrageindex 0.99; Vorlauf 196 T (+4%, Modus normal)",0.989,1,Base,1.04,,geschlossen,89
2027-04-21,Mittwoch,99,99,,,normal,"Saison 1.02; Wochentag 0.97; Nachfrageindex 0.99; Vorlauf 197 T (+4%, Modus normal)",0.989,1,Base,1.04,,geschlossen,89
2027-04-22,Donnerstag,99,99,,,normal,"Saison 1.02; Wochentag 1.00; Nachfrageindex 1.02; Vorlauf 198 T (+4%, Modus normal)",1.020,1,Target,1.04,,geschlossen,89
2027-04-23,Freitag,99,109,Sabaton (Konzert),+5% (Tier D),erhöht,"Saison 1.02; Wochentag 1.06; Event: Sabaton (Konzert) (+5%); Nachfrageindex 1.14; Vorlauf 199 T (+4%, Modus normal)",1.135,2,Target,1.04,,geschlossen,99
2027-04-24,Samstag,99,109,Die Ärzte (Konzert),+5% (Tier D),erhöht,"Saison 1.02; Wochentag 1.08; Event: Die Ärzte (Konzert) (+5%); Nachfrageindex 1.16; Vorlauf 200 T (+4%, Modus normal)",1.157,2,Target,1.04,,geschlossen,99
2027-04-25,Sonntag,99,89,,,niedrig,Saison 1.02; Wochentag 0.88; Nachfrageindex 0.90,0.898,1,Base,1.00,,geschlossen,79
2027-04-26,Montag,99,99,,,normal,"Saison 1.02; Wochentag 0.95; Nachfrageindex 0.97; Vorlauf 202 T (+4%, Modus normal)",0.969,1,Base,1.04,,geschlossen,89
2027-04-27,Dienstag,99,99,,,normal,"Saison 1.02; Wochentag 0.97; Nachfrageindex 0.99; Vorlauf 203 T (+4%, Modus normal)",0.989,1,Base,1.04,,geschlossen,89
2027-04-28,Mittwoch,99,99,,,normal,"Saison 1.02; Wochentag 0.97; Nachfrageindex 0.99; Vorlauf 204 T (+4%, Modus normal)",0.989,1,Base,1.04,,geschlossen,89
2027-04-29,Donnerstag,99,99,,,normal,"Saison 1.02; Wochentag 1.00; Nachfrageindex 1.02; Vorlauf 205 T (+4%, Modus normal)",1.020,1,Target,1.04,,geschlossen,89
2027-04-30,Freitag,99,109,,,erhöht,"Saison 1.02; Wochentag 1.06; Vorabend Tag der Arbeit (+6%); Nachfrageindex 1.15; Vorlauf 206 T (+4%, Modus normal)",1.146,2,Target,1.04,,geschlossen,99
2027-05-01,Samstag,99,109,,,erhöht,"Saison 1.05; Wochentag 1.08; Tag der Arbeit (+0%); Nachfrageindex 1.13; Vorlauf 207 T (+4%, Modus normal)",1.134,2,Target,1.04,,geschlossen,99
2027-05-02,Sonntag,99,89,,,niedrig,Saison 1.05; Wochentag 0.88; Nachfrageindex 0.92,0.924,1,Base,1.00,,geschlossen,79
2027-05-03,Montag,99,99,,,normal,"Saison 1.05; Wochentag 0.95; Nachfrageindex 1.00; Vorlauf 209 T (+4%, Modus normal)",0.998,1,Base,1.04,,geschlossen,89
2027-05-04,Dienstag,99,99,,,normal,"Saison 1.05; Wochentag 0.97; Nachfrageindex 1.02; Vorlauf 210 T (+4%, Modus normal)",1.018,1,Target,1.04,,geschlossen,89
2027-05-05,Mittwoch,99,109,,,erhöht,"Saison 1.05; Wochentag 0.97; Langes Wochenende (Christi Himmelfahrt) (+8%); Nachfrageindex 1.10; Vorlauf 211 T (+4%, Modus normal)",1.100,1,Target,1.04,,geschlossen,99
2027-05-06,Donnerstag,99,109,,,erhöht,"Saison 1.05; Wochentag 1.00; Langes Wochenende (Christi Himmelfahrt) (+8%); Nachfrageindex 1.13; Vorlauf 212 T (+4%, Modus normal)",1.134,1,Target,1.04,,geschlossen,99
2027-05-07,Freitag,99,119,,,erhöht,"Saison 1.05; Wochentag 1.06; Langes Wochenende (Christi Himmelfahrt) (+8%); Nachfrageindex 1.20; Vorlauf 213 T (+4%, Modus normal)",1.202,2,Target,1.04,,geschlossen,109
2027-05-08,Samstag,99,119,,,erhöht,"Saison 1.05; Wochentag 1.08; Langes Wochenende (Christi Himmelfahrt) (+8%); Nachfrageindex 1.22; Vorlauf 214 T (+4%, Modus normal)",1.225,2,Target,1.04,,geschlossen,109
2027-05-09,Sonntag,99,89,,,niedrig,Saison 1.05; Wochentag 0.88; Nachfrageindex 0.92,0.924,1,Base,1.00,,geschlossen,79
2027-05-10,Montag,99,99,,,normal,"Saison 1.05; Wochentag 0.95; Nachfrageindex 1.00; Vorlauf 216 T (+4%, Modus normal)",0.998,1,Base,1.04,,geschlossen,89
2027-05-11,Dienstag,99,99,,,normal,"Saison 1.05; Wochentag 0.97; Nachfrageindex 1.02; Vorlauf 217 T (+4%, Modus normal)",1.018,1,Target,1.04,,geschlossen,89
2027-05-12,Mittwoch,99,99,,,normal,"Saison 1.05; Wochentag 0.97; Nachfrageindex 1.02; Vorlauf 218 T (+4%, Modus normal)",1.018,1,Target,1.04,,geschlossen,89
2027-05-13,Donnerstag,99,99,,,normal,"Saison 1.05; Wochentag 1.00; Nachfrageindex 1.05; Vorlauf 219 T (+4%, Modus normal)",1.050,1,Target,1.04,,geschlossen,89
2027-05-14,Freitag,99,119,,,erhöht,"Saison 1.05; Wochentag 1.06; Langes Wochenende (Pfingstmontag) (+8%); Nachfrageindex 1.20; Vorlauf 220 T (+4%, Modus normal)",1.202,2,Target,1.04,,geschlossen,109
2027-05-15,Samstag,99,119,,,erhöht,"Saison 1.05; Wochentag 1.08; Langes Wochenende (Pfingstmontag) (+8%); Nachfrageindex 1.22; Vorlauf 221 T (+4%, Modus normal)",1.225,2,Target,1.04,,geschlossen,109
2027-05-16,Sonntag,99,99,,,normal,"Saison 1.05; Wochentag 0.88; Langes Wochenende (Pfingstmontag) (+8%); Nachfrageindex 1.00; Vorlauf 222 T (+4%, Modus normal)",0.998,1,Base,1.04,,geschlossen,89
2027-05-17,Montag,99,99,,,normal,"Saison 1.05; Wochentag 0.95; Pfingstmontag (+0%); Nachfrageindex 1.00; Vorlauf 223 T (+4%, Modus normal)",0.998,1,Base,1.04,,geschlossen,89
2027-05-18,Dienstag,99,99,,,normal,"Saison 1.05; Wochentag 0.97; Schulferien NRW (-3%); Nachfrageindex 0.99; Vorlauf 224 T (+4%, Modus normal)",0.988,1,Base,1.04,,geschlossen,89
2027-05-19,Mittwoch,99,99,,,normal,"Saison 1.05; Wochentag 0.97; Nachfrageindex 1.02; Vorlauf 225 T (+4%, Modus normal)",1.018,1,Target,1.04,,geschlossen,89
2027-05-20,Donnerstag,99,99,,,normal,"Saison 1.05; Wochentag 1.00; Nachfrageindex 1.05; Vorlauf 226 T (+4%, Modus normal)",1.050,1,Target,1.04,,geschlossen,89
2027-05-21,Freitag,99,109,,,erhöht,"Saison 1.05; Wochentag 1.06; Nachfrageindex 1.11; Vorlauf 227 T (+4%, Modus normal)",1.113,2,Target,1.04,41,freigeben,99
2027-05-22,Samstag,99,149,Japan-Tag Düsseldorf/NRW 2027,+25% (Tier B),hoch,"Saison 1.05; Wochentag 1.08; Event: Japan-Tag Düsseldorf/NRW 2027 (+25%); Nachfrageindex 1.42; Vorlauf 228 T (+10%, Modus high); Mindestaufenthalt auf 1 verkürzt (freie Lücke)",1.417,1,High-Demand,1.10,16,freigeben,139
2027-05-23,Sonntag,99,89,,,niedrig,Saison 1.05; Wochentag 0.88; Nachfrageindex 0.92,0.924,1,Base,1.00,,geschlossen,79
2027-05-24,Montag,99,99,,,normal,"Saison 1.05; Wochentag 0.95; Nachfrageindex 1.00; Vorlauf 230 T (+4%, Modus normal)",0.998,1,Base,1.04,,geschlossen,89
2027-05-25,Dienstag,99,99,,,normal,"Saison 1.05; Wochentag 0.97; Nachfrageindex 1.02; Vorlauf 231 T (+4%, Modus normal)",1.018,1,Target,1.04,,geschlossen,89
2027-05-26,Mittwoch,99,109,,,erhöht,"Saison 1.05; Wochentag 0.97; Langes Wochenende (Fronleichnam) (+8%); Nachfrageindex 1.10; Vorlauf 232 T (+4%, Modus normal)",1.100,1,Target,1.04,,geschlossen,99
2027-05-27,Donnerstag,99,109,,,erhöht,"Saison 1.05; Wochentag 1.00; Langes Wochenende (Fronleichnam) (+8%); Nachfrageindex 1.13; Vorlauf 233 T (+4%, Modus normal)",1.134,1,Target,1.04,,geschlossen,99
2027-05-28,Freitag,99,119,,,erhöht,"Saison 1.05; Wochentag 1.06; Langes Wochenende (Fronleichnam) (+8%); Nachfrageindex 1.20; Vorlauf 234 T (+4%, Modus normal)",1.202,2,Target,1.04,,geschlossen,109
2027-05-29,Samstag,99,119,,,erhöht,"Saison 1.05; Wochentag 1.08; Langes Wochenende (Fronleichnam) (+8%); Nachfrageindex 1.22; Vorlauf 235 T (+4%, Modus normal)",1.225,2,Target,1.04,,geschlossen,109
2027-05-30,Sonntag,99,89,,,niedrig,Saison 1.05; Wochentag 0.88; Nachfrageindex 0.92,0.924,1,Base,1.00,,geschlossen,79
2027-05-31,Montag,99,99,,,normal,"Saison 1.05; Wochentag 0.95; Nachfrageindex 1.00; Vorlauf 237 T (+4%, Modus normal)",0.998,1,Base,1.04,,geschlossen,89
2027-06-01,Dienstag,99,99,,,normal,"Saison 1.03; Wochentag 0.97; Nachfrageindex 1.00; Vorlauf 238 T (+4%, Modus normal)",0.999,1,Base,1.04,76,freigeben,89
2027-06-02,Mittwoch,99,99,,,normal,"Saison 1.03; Wochentag 0.97; Nachfrageindex 1.00; Vorlauf 239 T (+4%, Modus normal)",0.999,1,Base,1.04,77,freigeben,89
2027-06-03,Donnerstag,99,99,,,normal,"Saison 1.03; Wochentag 1.00; Nachfrageindex 1.03; Vorlauf 240 T (+4%, Modus normal)",1.030,1,Target,1.04,65,freigeben,89
2027-06-04,Freitag,99,109,,,erhöht,"Saison 1.03; Wochentag 1.06; Nachfrageindex 1.09; Vorlauf 241 T (+4%, Modus normal)",1.092,2,Target,1.04,50,freigeben,99
2027-06-05,Samstag,99,109,,,erhöht,"Saison 1.03; Wochentag 1.08; Nachfrageindex 1.11; Vorlauf 242 T (+4%, Modus normal)",1.112,2,Target,1.04,45,freigeben,99
2027-06-06,Sonntag,99,89,,,niedrig,Saison 1.03; Wochentag 0.88; Nachfrageindex 0.91,0.906,1,Base,1.00,111,freigeben,79
2027-06-07,Montag,99,99,,,normal,"Saison 1.03; Wochentag 0.95; Nachfrageindex 0.98; Vorlauf 244 T (+4%, Modus normal)",0.979,1,Base,1.04,89,freigeben,89
2027-06-08,Dienstag,99,99,,,normal,"Saison 1.03; Wochentag 0.97; Nachfrageindex 1.00; Vorlauf 245 T (+4%, Modus normal)",0.999,1,Base,1.04,78,freigeben,89
2027-06-09,Mittwoch,99,99,,,normal,"Saison 1.03; Wochentag 0.97; Nachfrageindex 1.00; Vorlauf 246 T (+4%, Modus normal)",0.999,1,Base,1.04,79,freigeben,89
2027-06-10,Donnerstag,99,99,,,normal,"Saison 1.03; Wochentag 1.00; Nachfrageindex 1.03; Vorlauf 247 T (+4%, Modus normal)",1.030,1,Target,1.04,66,freigeben,89
2027-06-11,Freitag,99,109,,,erhöht,"Saison 1.03; Wochentag 1.06; Nachfrageindex 1.09; Vorlauf 248 T (+4%, Modus normal)",1.092,2,Target,1.04,51,freigeben,99
2027-06-12,Samstag,99,109,,,erhöht,"Saison 1.03; Wochentag 1.08; Nachfrageindex 1.11; Vorlauf 249 T (+4%, Modus normal)",1.112,2,Target,1.04,46,freigeben,99
2027-06-13,Sonntag,99,89,,,niedrig,Saison 1.03; Wochentag 0.88; Nachfrageindex 0.91,0.906,1,Base,1.00,112,freigeben,79
2027-06-14,Montag,99,99,,,normal,"Saison 1.03; Wochentag 0.95; Nachfrageindex 0.98; Vorlauf 251 T (+4%, Modus normal)",0.979,1,Base,1.04,90,freigeben,89
2027-06-15,Dienstag,99,99,,,normal,"Saison 1.03; Wochentag 0.97; Nachfrageindex 1.00; Vorlauf 252 T (+4%, Modus normal)",0.999,1,Base,1.04,80,freigeben,89
2027-06-16,Mittwoch,99,99,,,normal,"Saison 1.03; Wochentag 0.97; Nachfrageindex 1.00; Vorlauf 253 T (+4%, Modus normal)",0.999,1,Base,1.04,81,freigeben,89
2027-06-17,Donnerstag,99,99,,,normal,"Saison 1.03; Wochentag 1.00; Nachfrageindex 1.03; Vorlauf 254 T (+4%, Modus normal)",1.030,1,Target,1.04,67,freigeben,89
2027-06-18,Freitag,99,109,,,erhöht,"Saison 1.03; Wochentag 1.06; Nachfrageindex 1.09; Vorlauf 255 T (+4%, Modus normal)",1.092,2,Target,1.04,52,freigeben,99
2027-06-19,Samstag,99,109,,,erhöht,"Saison 1.03; Wochentag 1.08; Nachfrageindex 1.11; Vorlauf 256 T (+4%, Modus normal)",1.112,2,Target,1.04,47,freigeben,99
2027-06-20,Sonntag,99,149,GIFA / METEC / THERMPROCESS / NEWCAST 2027,+44% (Tier A),hoch,"Saison 1.03; Wochentag 1.00; Event: GIFA / METEC / THERMPROCESS / NEWCAST 2027 (+44%); Nachfrageindex 1.48; Vorlauf 257 T (+10%, Modus high)",1.483,1,High-Demand,1.10,12,freigeben,139
2027-06-21,Montag,99,169,GIFA / METEC / THERMPROCESS / NEWCAST 2027,+55% (Tier A),hoch,"Saison 1.03; Wochentag 1.00; Event: GIFA / METEC / THERMPROCESS / NEWCAST 2027 (+55%); Nachfrageindex 1.60; Vorlauf 258 T (+10%, Modus high)",1.597,1,Event,1.10,1,freigeben,159
2027-06-22,Dienstag,99,169,GIFA / METEC / THERMPROCESS / NEWCAST 2027,+55% (Tier A),hoch,"Saison 1.03; Wochentag 1.00; Event: GIFA / METEC / THERMPROCESS / NEWCAST 2027 (+55%); Nachfrageindex 1.60; Vorlauf 259 T (+10%, Modus high)",1.597,1,Event,1.10,2,freigeben,159
2027-06-23,Mittwoch,99,169,GIFA / METEC / THERMPROCESS / NEWCAST 2027,+55% (Tier A),hoch,"Saison 1.03; Wochentag 1.00; Event: GIFA / METEC / THERMPROCESS / NEWCAST 2027 (+55%); Nachfrageindex 1.60; Vorlauf 260 T (+10%, Modus high)",1.597,1,Event,1.10,3,freigeben,159
2027-06-24,Donnerstag,99,169,GIFA / METEC / THERMPROCESS / NEWCAST 2027,+55% (Tier A),hoch,"Saison 1.03; Wochentag 1.00; Event: GIFA / METEC / THERMPROCESS / NEWCAST 2027 (+55%); Nachfrageindex 1.60; Vorlauf 261 T (+10%, Modus high)",1.597,1,Event,1.10,4,freigeben,159
2027-06-25,Freitag,99,129,GIFA / METEC / THERMPROCESS / NEWCAST 2027,+16% (Tier A),erhöht,"Saison 1.03; Wochentag 1.06; Event: GIFA / METEC / THERMPROCESS / NEWCAST 2027 (+16%); Nachfrageindex 1.27; Vorlauf 262 T (+4%, Modus normal)",1.272,2,Target,1.04,25,freigeben,119
2027-06-26,Samstag,99,109,,,erhöht,"Saison 1.03; Wochentag 1.08; Nachfrageindex 1.11; Vorlauf 263 T (+4%, Modus normal)",1.112,2,Target,1.04,48,freigeben,99
2027-06-27,Sonntag,99,89,,,niedrig,Saison 1.03; Wochentag 0.88; Nachfrageindex 0.91,0.906,1,Base,1.00,113,freigeben,79
2027-06-28,Montag,99,99,,,normal,"Saison 1.03; Wochentag 0.95; Nachfrageindex 0.98; Vorlauf 265 T (+4%, Modus normal)",0.979,1,Base,1.04,91,freigeben,89
2027-06-29,Dienstag,99,99,,,normal,"Saison 1.03; Wochentag 0.97; Nachfrageindex 1.00; Vorlauf 266 T (+4%, Modus normal)",0.999,1,Base,1.04,82,freigeben,89
2027-06-30,Mittwoch,99,99,,,normal,"Saison 1.03; Wochentag 0.97; Nachfrageindex 1.00; Vorlauf 267 T (+4%, Modus normal)",0.999,1,Base,1.04,83,freigeben,89
2027-07-01,Donnerstag,99,89,Cologne Pride / CSD (Köln),+4% (Tier D),normal,"Saison 0.92; Wochentag 1.00; Event: Cologne Pride / CSD (Köln) (+4%); Nachfrageindex 0.96; Vorlauf 268 T (+4%, Modus normal)",0.957,1,Base,1.04,100,freigeben,79
2027-07-02,Freitag,99,99,Cologne Pride / CSD (Köln),+5% (Tier D),normal,"Saison 0.92; Wochentag 1.06; Event: Cologne Pride / CSD (Köln) (+5%); Nachfrageindex 1.02; Vorlauf 269 T (+4%, Modus normal)",1.024,2,Target,1.04,68,freigeben,89
2027-07-03,Samstag,99,159,Die Toten Hosen (Stadion) + Cologne Pride / CSD (Köln),+58% (Tier A),hoch,"Saison 0.92; Wochentag 1.08; Event: Die Toten Hosen (Stadion) + Cologne Pride / CSD (Köln) (+58%); Nachfrageindex 1.56; Vorlauf 270 T (+10%, Modus high)",1.565,2,Event,1.10,7,freigeben,149
2027-07-04,Sonntag,99,149,Die Toten Hosen (Stadion) + Cologne Pride / CSD (Köln),+56% (Tier A),hoch,"Saison 0.92; Wochentag 1.00; Event: Die Toten Hosen (Stadion) + Cologne Pride / CSD (Köln) (+56%); Nachfrageindex 1.43; Vorlauf 271 T (+10%, Modus high)",1.433,1,High-Demand,1.10,13,freigeben,139
2027-07-05,Montag,99,79,,,niedrig,Saison 0.92; Wochentag 0.95; Nachfrageindex 0.87,0.874,1,Base,1.00,123,freigeben,69
2027-07-06,Dienstag,99,89,,,niedrig,Saison 0.92; Wochentag 0.97; Nachfrageindex 0.89,0.892,1,Base,1.00,114,freigeben,79
2027-07-07,Mittwoch,99,89,,,niedrig,Saison 0.92; Wochentag 0.97; Nachfrageindex 0.89,0.892,1,Base,1.00,115,freigeben,79
2027-07-08,Donnerstag,99,89,,,niedrig,Saison 0.92; Wochentag 1.00; Nachfrageindex 0.92,0.920,1,Base,1.00,109,freigeben,79
2027-07-09,Freitag,99,99,,,normal,"Saison 0.92; Wochentag 1.06; Nachfrageindex 0.98; Vorlauf 276 T (+4%, Modus normal)",0.975,2,Base,1.04,92,freigeben,89
2027-07-10,Samstag,99,159,Die Toten Hosen (Stadion),+55% (Tier A),hoch,"Saison 0.92; Wochentag 1.08; Event: Die Toten Hosen (Stadion) (+55%); Nachfrageindex 1.54; Vorlauf 277 T (+10%, Modus high)",1.540,2,High-Demand,1.10,10,freigeben,149
2027-07-11,Sonntag,99,79,,,niedrig,Saison 0.92; Wochentag 0.88; Nachfrageindex 0.81,0.810,1,Minimum,1.00,142,freigeben,69
2027-07-12,Montag,99,79,,,niedrig,Saison 0.92; Wochentag 0.95; Nachfrageindex 0.87,0.874,1,Base,1.00,124,freigeben,69
2027-07-13,Dienstag,99,89,,,niedrig,Saison 0.92; Wochentag 0.97; Nachfrageindex 0.89,0.892,1,Base,1.00,116,freigeben,79
2027-07-14,Mittwoch,99,89,,,niedrig,Saison 0.92; Wochentag 0.97; Nachfrageindex 0.89,0.892,1,Base,1.00,117,freigeben,79
2027-07-15,Donnerstag,99,89,,,niedrig,Saison 0.92; Wochentag 1.00; Nachfrageindex 0.92,0.920,1,Base,1.00,110,freigeben,79
2027-07-16,Freitag,99,119,Rheinkirmes 2027,+25% (Tier B),erhöht,"Saison 0.92; Wochentag 1.06; Event: Rheinkirmes 2027 (+25%); Nachfrageindex 1.22; Vorlauf 283 T (+4%, Modus normal)",1.219,2,Target,1.04,28,freigeben,109
2027-07-17,Samstag,99,139,Rheinkirmes 2027 + Karol G (Stadion),+38% (Tier B),hoch,"Saison 0.92; Wochentag 1.08; Event: Rheinkirmes 2027 + Karol G (Stadion) (+38%); Nachfrageindex 1.37; Vorlauf 284 T (+10%, Modus high)",1.366,2,High-Demand,1.10,21,freigeben,129
2027-07-18,Sonntag,99,79,,,niedrig,Saison 0.92; Wochentag 0.88; Nachfrageindex 0.81,0.810,1,Minimum,1.00,143,freigeben,69
2027-07-19,Montag,99,79,,,niedrig,Saison 0.92; Wochentag 0.95; Schulferien NRW (-3%); Nachfrageindex 0.85,0.848,1,Base,1.00,135,freigeben,69
2027-07-20,Dienstag,99,79,,,niedrig,Saison 0.92; Wochentag 0.97; Schulferien NRW (-3%); Nachfrageindex 0.87,0.866,1,Base,1.00,125,freigeben,69
2027-07-21,Mittwoch,99,79,,,niedrig,Saison 0.92; Wochentag 0.97; Schulferien NRW (-3%); Nachfrageindex 0.87,0.866,1,Base,1.00,126,freigeben,69
2027-07-22,Donnerstag,99,89,,,niedrig,Saison 0.92; Wochentag 1.00; Schulferien NRW (-3%); Nachfrageindex 0.89,0.892,1,Base,1.00,118,freigeben,79
2027-07-23,Freitag,99,119,Rheinkirmes 2027,+25% (Tier B),erhöht,"Saison 0.92; Wochentag 1.06; Schulferien NRW (-3%); Event: Rheinkirmes 2027 (+25%); Nachfrageindex 1.18; Vorlauf 290 T (+4%, Modus normal)",1.182,2,Target,1.04,32,freigeben,109
2027-07-24,Samstag,99,119,Rheinkirmes 2027,+25% (Tier B),erhöht,"Saison 0.92; Wochentag 1.08; Schulferien NRW (-3%); Event: Rheinkirmes 2027 (+25%); Nachfrageindex 1.20; Vorlauf 291 T (+4%, Modus normal)",1.205,2,Target,1.04,29,freigeben,109
2027-07-25,Sonntag,99,79,,,niedrig,Saison 0.92; Wochentag 0.88; Schulferien NRW (-3%); Nachfrageindex 0.79,0.785,1,Minimum,1.00,144,freigeben,69
2027-07-26,Montag,99,79,,,niedrig,Saison 0.92; Wochentag 0.95; Schulferien NRW (-3%); Nachfrageindex 0.85,0.848,1,Base,1.00,136,freigeben,69
2027-07-27,Dienstag,99,79,,,niedrig,Saison 0.92; Wochentag 0.97; Schulferien NRW (-3%); Nachfrageindex 0.87,0.866,1,Base,1.00,127,freigeben,69
2027-07-28,Mittwoch,99,79,,,niedrig,Saison 0.92; Wochentag 0.97; Schulferien NRW (-3%); Nachfrageindex 0.87,0.866,1,Base,1.00,128,freigeben,69
2027-07-29,Donnerstag,99,89,,,niedrig,Saison 0.92; Wochentag 1.00; Schulferien NRW (-3%); Nachfrageindex 0.89,0.892,1,Base,1.00,119,freigeben,79
2027-07-30,Freitag,99,89,,,normal,"Saison 0.92; Wochentag 1.06; Schulferien NRW (-3%); Nachfrageindex 0.95; Vorlauf 297 T (+4%, Modus normal)",0.946,2,Base,1.04,102,freigeben,79
2027-07-31,Samstag,99,99,,,normal,"Saison 0.92; Wochentag 1.08; Schulferien NRW (-3%); Nachfrageindex 0.96; Vorlauf 298 T (+4%, Modus normal)",0.964,2,Base,1.04,96,freigeben,89
2027-08-01,Sonntag,99,79,,,niedrig,Saison 0.92; Wochentag 0.88; Schulferien NRW (-3%); Nachfrageindex 0.79,0.785,1,Minimum,1.00,145,freigeben,69
2027-08-02,Montag,99,79,,,niedrig,Saison 0.92; Wochentag 0.95; Schulferien NRW (-3%); Nachfrageindex 0.85,0.848,1,Base,1.00,137,freigeben,69
2027-08-03,Dienstag,99,79,,,niedrig,Saison 0.92; Wochentag 0.97; Schulferien NRW (-3%); Nachfrageindex 0.87,0.866,1,Base,1.00,129,freigeben,69
2027-08-04,Mittwoch,99,79,,,niedrig,Saison 0.92; Wochentag 0.97; Schulferien NRW (-3%); Nachfrageindex 0.87,0.866,1,Base,1.00,130,freigeben,69
2027-08-05,Donnerstag,99,89,,,niedrig,Saison 0.92; Wochentag 1.00; Schulferien NRW (-3%); Nachfrageindex 0.89,0.892,1,Base,1.00,120,freigeben,79
2027-08-06,Freitag,99,89,,,normal,"Saison 0.92; Wochentag 1.06; Schulferien NRW (-3%); Nachfrageindex 0.95; Vorlauf 304 T (+4%, Modus normal)",0.946,2,Base,1.04,103,freigeben,79
2027-08-07,Samstag,99,99,,,normal,"Saison 0.92; Wochentag 1.08; Schulferien NRW (-3%); Nachfrageindex 0.96; Vorlauf 305 T (+4%, Modus normal)",0.964,2,Base,1.04,97,freigeben,89
2027-08-08,Sonntag,99,79,,,niedrig,Saison 0.92; Wochentag 0.88; Schulferien NRW (-3%); Nachfrageindex 0.79,0.785,1,Minimum,1.00,146,freigeben,69
2027-08-09,Montag,99,79,,,niedrig,Saison 0.92; Wochentag 0.95; Schulferien NRW (-3%); Nachfrageindex 0.85,0.848,1,Base,1.00,138,freigeben,69
2027-08-10,Dienstag,99,79,,,niedrig,Saison 0.92; Wochentag 0.97; Schulferien NRW (-3%); Nachfrageindex 0.87,0.866,1,Base,1.00,131,freigeben,69
2027-08-11,Mittwoch,99,79,,,niedrig,Saison 0.92; Wochentag 0.97; Schulferien NRW (-3%); Nachfrageindex 0.87,0.866,1,Base,1.00,132,freigeben,69
2027-08-12,Donnerstag,99,89,,,niedrig,Saison 0.92; Wochentag 1.00; Schulferien NRW (-3%); Nachfrageindex 0.89,0.892,1,Base,1.00,121,freigeben,79
2027-08-13,Freitag,99,89,,,normal,"Saison 0.92; Wochentag 1.06; Schulferien NRW (-3%); Nachfrageindex 0.95; Vorlauf 311 T (+4%, Modus normal)",0.946,2,Base,1.04,104,freigeben,79
2027-08-14,Samstag,99,99,,,normal,"Saison 0.92; Wochentag 1.08; Schulferien NRW (-3%); Nachfrageindex 0.96; Vorlauf 312 T (+4%, Modus normal)",0.964,2,Base,1.04,98,freigeben,89
2027-08-15,Sonntag,99,79,,,niedrig,Saison 0.92; Wochentag 0.88; Schulferien NRW (-3%); Nachfrageindex 0.79,0.785,1,Minimum,1.00,147,freigeben,69
2027-08-16,Montag,99,79,,,niedrig,Saison 0.92; Wochentag 0.95; Schulferien NRW (-3%); Nachfrageindex 0.85,0.848,1,Base,1.00,139,freigeben,69
2027-08-17,Dienstag,99,79,,,niedrig,Saison 0.92; Wochentag 0.97; Schulferien NRW (-3%); Nachfrageindex 0.87,0.866,1,Base,1.00,133,freigeben,69
2027-08-18,Mittwoch,99,79,,,niedrig,Saison 0.92; Wochentag 0.97; Schulferien NRW (-3%); Nachfrageindex 0.87,0.866,1,Base,1.00,134,freigeben,69
2027-08-19,Donnerstag,99,89,,,niedrig,Saison 0.92; Wochentag 1.00; Schulferien NRW (-3%); Nachfrageindex 0.89,0.892,1,Base,1.00,122,freigeben,79
2027-08-20,Freitag,99,89,,,normal,"Saison 0.92; Wochentag 1.06; Schulferien NRW (-3%); Nachfrageindex 0.95; Vorlauf 318 T (+4%, Modus normal)",0.946,2,Base,1.04,105,freigeben,79
2027-08-21,Samstag,99,99,,,normal,"Saison 0.92; Wochentag 1.08; Schulferien NRW (-3%); Nachfrageindex 0.96; Vorlauf 319 T (+4%, Modus normal)",0.964,2,Base,1.04,99,freigeben,89
2027-08-22,Sonntag,99,79,,,niedrig,Saison 0.92; Wochentag 0.88; Schulferien NRW (-3%); Nachfrageindex 0.79,0.785,1,Minimum,1.00,148,freigeben,69
2027-08-23,Montag,99,79,,,niedrig,Saison 0.92; Wochentag 0.95; Schulferien NRW (-3%); Nachfrageindex 0.85,0.848,1,Base,1.00,140,freigeben,69
2027-08-24,Dienstag,99,89,gamescom 2027 (Köln),+10% (Tier C),normal,"Saison 0.92; Wochentag 0.97; Schulferien NRW (-3%); Event: gamescom 2027 (Köln) (+10%); Nachfrageindex 0.95; Vorlauf 322 T (+4%, Modus normal)",0.949,1,Base,1.04,101,freigeben,79
2027-08-25,Mittwoch,99,99,gamescom 2027 (Köln),+12% (Tier C),normal,"Saison 0.92; Wochentag 0.97; Schulferien NRW (-3%); Event: gamescom 2027 (Köln) (+12%); Nachfrageindex 0.97; Vorlauf 323 T (+4%, Modus normal)",0.970,1,Base,1.04,94,freigeben,89
2027-08-26,Donnerstag,99,109,CARAVAN SALON 2027 + gamescom 2027 (Köln),+26% (Tier B),erhöht,"Saison 0.92; Wochentag 1.00; Schulferien NRW (-3%); Event: CARAVAN SALON 2027 + gamescom 2027 (Köln) (+26%); Nachfrageindex 1.12; Vorlauf 324 T (+4%, Modus normal)",1.124,1,Target,1.04,39,freigeben,99
2027-08-27,Freitag,99,119,CARAVAN SALON 2027 + gamescom 2027 (Köln) + Neusser Bürger-Schützenfest 2027,+32% (Tier B),erhöht,"Saison 0.92; Wochentag 1.06; Schulferien NRW (-3%); Event: CARAVAN SALON 2027 + gamescom 2027 (Köln) + Neusser Bürger-Schützenfest 2027 (+32%); Nachfrageindex 1.25; Vorlauf 325 T (+4%, Modus normal)",1.249,2,Target,1.04,27,freigeben,109
2027-08-28,Samstag,99,129,CARAVAN SALON 2027 + gamescom 2027 (Köln) + Neusser Bürger-Schützenfest 2027,+32% (Tier B),erhöht,"Saison 0.92; Wochentag 1.08; Schulferien NRW (-3%); Event: CARAVAN SALON 2027 + gamescom 2027 (Köln) + Neusser Bürger-Schützenfest 2027 (+32%); Nachfrageindex 1.27; Vorlauf 326 T (+4%, Modus normal)",1.275,2,Target,1.04,23,freigeben,119
2027-08-29,Sonntag,99,99,CARAVAN SALON 2027 + Neusser Bürger-Schützenfest 2027 + gamescom 2027 (Köln),+28% (Tier B),normal,"Saison 0.92; Wochentag 0.88; Schulferien NRW (-3%); Event: CARAVAN SALON 2027 + Neusser Bürger-Schützenfest 2027 + gamescom 2027 (Köln) (+28%); Nachfrageindex 1.01; Vorlauf 327 T (+4%, Modus normal)",1.008,1,Base,1.04,75,freigeben,89
2027-08-30,Montag,99,109,CARAVAN SALON 2027 + Neusser Bürger-Schützenfest 2027,+28% (Tier B),erhöht,"Saison 0.92; Wochentag 0.95; Schulferien NRW (-3%); Event: CARAVAN SALON 2027 + Neusser Bürger-Schützenfest 2027 (+28%); Nachfrageindex 1.08; Vorlauf 328 T (+4%, Modus normal)",1.081,1,Target,1.04,54,freigeben,99
2027-08-31,Dienstag,99,109,CARAVAN SALON 2027 + Neusser Bürger-Schützenfest 2027,+26% (Tier B),erhöht,"Saison 0.92; Wochentag 0.97; Schulferien NRW (-3%); Event: CARAVAN SALON 2027 + Neusser Bürger-Schützenfest 2027 (+26%); Nachfrageindex 1.09; Vorlauf 329 T (+4%, Modus normal)",1.089,1,Target,1.04,53,freigeben,99
2027-09-01,Mittwoch,99,129,CARAVAN SALON 2027,+25% (Tier B),erhöht,"Saison 1.05; Wochentag 0.97; Event: CARAVAN SALON 2027 (+25%); Nachfrageindex 1.27; Vorlauf 330 T (+4%, Modus normal)",1.273,1,Target,1.04,24,freigeben,119
2027-09-02,Donnerstag,99,139,CARAVAN SALON 2027,+25% (Tier B),hoch,"Saison 1.05; Wochentag 1.00; Event: CARAVAN SALON 2027 (+25%); Nachfrageindex 1.31; Vorlauf 331 T (+10%, Modus high)",1.312,1,High-Demand,1.10,22,freigeben,129
2027-09-03,Freitag,99,149,CARAVAN SALON 2027,+25% (Tier B),hoch,"Saison 1.05; Wochentag 1.06; Event: CARAVAN SALON 2027 (+25%); Nachfrageindex 1.39; Vorlauf 332 T (+10%, Modus high)",1.391,2,High-Demand,1.10,19,freigeben,139
2027-09-04,Samstag,99,149,CARAVAN SALON 2027,+25% (Tier B),hoch,"Saison 1.05; Wochentag 1.08; Event: CARAVAN SALON 2027 (+25%); Nachfrageindex 1.42; Vorlauf 333 T (+10%, Modus high)",1.417,2,High-Demand,1.10,17,freigeben,139
2027-09-05,Sonntag,99,99,CARAVAN SALON 2027,+8% (Tier B),normal,"Saison 1.05; Wochentag 0.88; Event: CARAVAN SALON 2027 (+8%); Nachfrageindex 0.99; Vorlauf 334 T (+4%, Modus normal)",0.993,1,Base,1.04,88,freigeben,89
2027-09-06,Montag,99,99,,,normal,"Saison 1.05; Wochentag 0.95; Nachfrageindex 1.00; Vorlauf 335 T (+4%, Modus normal)",0.998,1,Base,1.04,84,freigeben,89
2027-09-07,Dienstag,99,99,,,normal,"Saison 1.05; Wochentag 0.97; Nachfrageindex 1.02; Vorlauf 336 T (+4%, Modus normal)",1.018,1,Target,1.04,69,freigeben,89
2027-09-08,Mittwoch,99,99,,,normal,"Saison 1.05; Wochentag 0.97; Nachfrageindex 1.02; Vorlauf 337 T (+4%, Modus normal)",1.018,1,Target,1.04,70,freigeben,89
2027-09-09,Donnerstag,99,99,,,normal,"Saison 1.05; Wochentag 1.00; Nachfrageindex 1.05; Vorlauf 338 T (+4%, Modus normal)",1.050,1,Target,1.04,61,freigeben,89
2027-09-10,Freitag,99,109,,,erhöht,"Saison 1.05; Wochentag 1.06; Nachfrageindex 1.11; Vorlauf 339 T (+4%, Modus normal)",1.113,2,Target,1.04,42,freigeben,99
2027-09-11,Samstag,99,109,,,erhöht,"Saison 1.05; Wochentag 1.08; Nachfrageindex 1.13; Vorlauf 340 T (+4%, Modus normal)",1.134,2,Target,1.04,36,freigeben,99
2027-09-12,Sonntag,99,89,,,niedrig,Saison 1.05; Wochentag 0.88; Nachfrageindex 0.92,0.924,1,Base,1.00,106,freigeben,79
2027-09-13,Montag,99,99,,,normal,"Saison 1.05; Wochentag 0.95; Nachfrageindex 1.00; Vorlauf 342 T (+4%, Modus normal)",0.998,1,Base,1.04,85,freigeben,89
2027-09-14,Dienstag,99,99,,,normal,"Saison 1.05; Wochentag 0.97; Nachfrageindex 1.02; Vorlauf 343 T (+4%, Modus normal)",1.018,1,Target,1.04,71,freigeben,89
2027-09-15,Mittwoch,99,99,,,normal,"Saison 1.05; Wochentag 0.97; Nachfrageindex 1.02; Vorlauf 344 T (+4%, Modus normal)",1.018,1,Target,1.04,72,freigeben,89
2027-09-16,Donnerstag,99,99,,,normal,"Saison 1.05; Wochentag 1.00; Nachfrageindex 1.05; Vorlauf 345 T (+4%, Modus normal)",1.050,1,Target,1.04,62,freigeben,89
2027-09-17,Freitag,99,109,,,erhöht,"Saison 1.05; Wochentag 1.06; Nachfrageindex 1.11; Vorlauf 346 T (+4%, Modus normal)",1.113,2,Target,1.04,43,freigeben,99
2027-09-18,Samstag,99,109,,,erhöht,"Saison 1.05; Wochentag 1.08; Nachfrageindex 1.13; Vorlauf 347 T (+4%, Modus normal)",1.134,2,Target,1.04,37,freigeben,99
2027-09-19,Sonntag,99,89,,,niedrig,Saison 1.05; Wochentag 0.88; Nachfrageindex 0.92,0.924,1,Base,1.00,107,freigeben,79
2027-09-20,Montag,99,99,,,normal,"Saison 1.05; Wochentag 0.95; Nachfrageindex 1.00; Vorlauf 349 T (+4%, Modus normal)",0.998,1,Base,1.04,86,freigeben,89
2027-09-21,Dienstag,99,99,DMEXCO 2027 (Köln),+4% (Tier D),normal,"Saison 1.05; Wochentag 0.97; Event: DMEXCO 2027 (Köln) (+4%); Nachfrageindex 1.06; Vorlauf 350 T (+4%, Modus normal)",1.059,1,Target,1.04,60,freigeben,89
2027-09-22,Mittwoch,99,109,DMEXCO 2027 (Köln),+5% (Tier D),normal,"Saison 1.05; Wochentag 0.97; Event: DMEXCO 2027 (Köln) (+5%); Nachfrageindex 1.07; Vorlauf 351 T (+4%, Modus normal)",1.069,1,Target,1.04,56,freigeben,99
2027-09-23,Donnerstag,99,109,DMEXCO 2027 (Köln),+2% (Tier D),normal,"Saison 1.05; Wochentag 1.00; Event: DMEXCO 2027 (Köln) (+2%); Nachfrageindex 1.07; Vorlauf 352 T (+4%, Modus normal)",1.066,1,Target,1.04,59,freigeben,99
2027-09-24,Freitag,99,109,,,erhöht,"Saison 1.05; Wochentag 1.06; Nachfrageindex 1.11; Vorlauf 353 T (+4%, Modus normal)",1.113,2,Target,1.04,44,freigeben,99
2027-09-25,Samstag,99,109,,,erhöht,"Saison 1.05; Wochentag 1.08; Nachfrageindex 1.13; Vorlauf 354 T (+4%, Modus normal)",1.134,2,Target,1.04,38,freigeben,99
2027-09-26,Sonntag,99,89,,,niedrig,Saison 1.05; Wochentag 0.88; Nachfrageindex 0.92,0.924,1,Base,1.00,108,freigeben,79
2027-09-27,Montag,99,99,,,normal,"Saison 1.05; Wochentag 0.95; Nachfrageindex 1.00; Vorlauf 356 T (+4%, Modus normal)",0.998,1,Base,1.04,87,freigeben,89
2027-09-28,Dienstag,99,99,,,normal,"Saison 1.05; Wochentag 0.97; Nachfrageindex 1.02; Vorlauf 357 T (+4%, Modus normal)",1.018,1,Target,1.04,73,freigeben,89
2027-09-29,Mittwoch,99,99,,,normal,"Saison 1.05; Wochentag 0.97; Nachfrageindex 1.02; Vorlauf 358 T (+4%, Modus normal)",1.018,1,Target,1.04,74,freigeben,89
2027-09-30,Donnerstag,99,99,,,normal,"Saison 1.05; Wochentag 1.00; Nachfrageindex 1.05; Vorlauf 359 T (+4%, Modus normal)",1.050,1,Target,1.04,63,freigeben,89
2027-10-01,Freitag,99,109,,,erhöht,"Saison 1.08; Wochentag 1.06; Nachfrageindex 1.14; Vorlauf 360 T (+4%, Modus normal)",1.145,2,Target,1.04,,geschlossen,99
2027-10-02,Samstag,99,119,,,erhöht,"Saison 1.08; Wochentag 1.08; Vorabend Tag der Deutschen Einheit (+6%); Nachfrageindex 1.24; Vorlauf 361 T (+4%, Modus normal)",1.236,2,Target,1.04,,geschlossen,109
2027-10-03,Sonntag,99,89,,,normal,"Saison 1.08; Wochentag 0.88; Tag der Deutschen Einheit (+0%); Nachfrageindex 0.95; Vorlauf 362 T (+4%, Modus normal)",0.950,1,Base,1.04,,geschlossen,79
2027-10-04,Montag,99,99,,,normal,"Saison 1.08; Wochentag 0.95; Nachfrageindex 1.03; Vorlauf 363 T (+4%, Modus normal)",1.026,1,Target,1.04,,geschlossen,89
2027-10-05,Dienstag,99,99,,,normal,"Saison 1.08; Wochentag 0.97; Nachfrageindex 1.05; Vorlauf 364 T (+4%, Modus normal)",1.048,1,Target,1.04,,geschlossen,89
